Shmarje pri Jelshah,Savinjska,Slovenia
Shoshtanj,Savinjska,Slovenia
Shtore,Savinjska,Slovenia
Slovenske Konjice,Savinjska,Slovenia
Topolshica,Savinjska,Slovenia
Trnovlje pri Celju,Savinjska,Slovenia
Velenje,Savinjska,Slovenia
Vitanje,Savinjska,Slovenia
Vojnik,Savinjska,Slovenia
Zabukovica,Savinjska,Slovenia
Zadobrova,Savinjska,Slovenia
Zhalec,Savinjska,Slovenia
Zreche,Savinjska,Slovenia
Brestanica,Spodnjeposavska,Slovenia
Brezhice,Spodnjeposavska,Slovenia
Krshko,Spodnjeposavska,Slovenia
Leskovac pri Krshkem,Spodnjeposavska,Slovenia
Senovo,Spodnjeposavska,Slovenia
Sevnica,Spodnjeposavska,Slovenia
Dol pri Hrastniku,Zasavska,Slovenia
Hrastnik,Zasavska,Slovenia
Izlake,Zasavska,Slovenia
Kisovec,Zasavska,Slovenia
Trbovlje,Zasavska,Slovenia
Zagorje ob Savi,Zasavska,Slovenia
Karlshamn,Blekinge,Sweden
Karlskrona,Blekinge,Sweden
Ronneby,Blekinge,Sweden
Stenungsund,Bohuslan,Sweden
Avesta,Dalarna,Sweden
Borlange,Dalarna,Sweden
Falun,Dalarna,Sweden
Hedemora,Dalarna,Sweden
Ludvika,Dalarna,Sweden
Malung,Dalarna,Sweden
Bollnas,Gavleborg,Sweden
Bro,Gavleborg,Sweden
Gavle,Gavleborg,Sweden
Hudiksvall,Gavleborg,Sweden
Sandviken,Gavleborg,Sweden
Soderhamn,Gavleborg,Sweden
Skara,Gotland,Sweden
Visby,Gotland,Sweden
Anderstorp,Halland,Sweden
Falkenberg,Halland,Sweden
Halmstad,Halland,Sweden
Ullared,Halland,Sweden
Varberg,Halland,Sweden
Farjestaden,Jamtland,Sweden
Ostersund,Jamtland,Sweden
Gislaved,Jonkoping,Sweden
Jonkoping,Jonkoping,Sweden
Nassjo,Jonkoping,Sweden
Tranas,Jonkoping,Sweden
Varnamo,Jonkoping,Sweden
Vetlanda,Jonkoping,Sweden
Blomstermala,Kalmar,Sweden
Kalmar,Kalmar,Sweden
Nybro,Kalmar,Sweden
Oskarshamn,Kalmar,Sweden
Solna,Kalmar,Sweden
Torsas,Kalmar,Sweden
Vastervik,Kalmar,Sweden
Habo,Kristianstads,Sweden
Limhamn,Kristianstads,Sweden
Segeltorp,Kristianstads,Sweden
Svedala,Kristianstads,Sweden
Ljungby,Kronoberg,Sweden
Vaxjo,Kronoberg,Sweden
Boden,Norrbotten,Sweden
Kiruna,Norrbotten,Sweden
Lulea,Norrbotten,Sweden
Pitea,Norrbotten,Sweden
Askersund,Orebro,Sweden
Karlskoga,Orebro,Sweden
Kumla,Orebro,Sweden
Orebro,Orebro,Sweden
Finspang,Ostergotland,Sweden
Follinge,Ostergotland,Sweden
Kisa,Ostergotland,Sweden
Linkoping,Ostergotland,Sweden
Mjolby,Ostergotland,Sweden
Motala,Ostergotland,Sweden
Norrkoping,Ostergotland,Sweden
Vadstena,Ostergotland,Sweden
Skarpovagen,Saltsjo-Boo,Sweden
Angelholm,Skane,Sweden
Arlov,Skane,Sweden
Bastad,Skane,Sweden
Eslov,Skane,Sweden
Hassleholm,Skane,Sweden
Helsingborg,Skane,Sweden
Hjarup,Skane,Sweden
Hoganas,Skane,Sweden
Horby,Skane,Sweden
Jonstorp,Skane,Sweden
Klagstorp,Skane,Sweden
Kristianstad,Skane,Sweden
Landskrona,Skane,Sweden
Lund,Skane,Sweden
Malmo,Skane,Sweden
Skanor,Skane,Sweden
Staffanstorp,Skane,Sweden
Trelleborg,Skane,Sweden
Ystad,Skane,Sweden
Hillerstorp,Smaland,Sweden
Markaryd,Smaland,Sweden
Smalandsstenar,Smaland,Sweden
Eskilstuna,Sodermanland,Sweden
Gnesta,Sodermanland,Sweden
Katrineholm,Sodermanland,Sweden
Nacka Strand,Sodermanland,Sweden
Nykoping,Sodermanland,Sweden
Strangnas,Sodermanland,Sweden
Vingaker,Sodermanland,Sweden
Akersberga,Stockholm,Sweden
Boo,Stockholm,Sweden
Bromma,Stockholm,Sweden
Djursholm,Stockholm,Sweden
Hallstavik,Stockholm,Sweden
Jarfalla,Stockholm,Sweden
Johannesfred,Stockholm,Sweden
Lidingo,Stockholm,Sweden
Marsta,Stockholm,Sweden
Norrtalje,Stockholm,Sweden
Norsborg,Stockholm,Sweden
Nynashamn,Stockholm,Sweden
Rosersberg,Stockholm,Sweden
Sodertalje,Stockholm,Sweden
Sollentuna,Stockholm,Sweden
Stockholm,Stockholm,Sweden
Sundbyberg,Stockholm,Sweden
Taby,Stockholm,Sweden
Tumba,Stockholm,Sweden
Upplands-Vasby,Stockholm,Sweden
Vallentuna,Stockholm,Sweden
Vasterhaninge,Stockholm,Sweden
Balsta,Uppsala,Sweden
Enkoping,Uppsala,Sweden
Knivsta,Uppsala,Sweden
Skyttorp,Uppsala,Sweden
Storvreta,Uppsala,Sweden
Uppsala,Uppsala,Sweden
Arvika,Varmland,Sweden
Hammaro,Varmland,Sweden
Karlstad,Varmland,Sweden
Kristinehamn,Varmland,Sweden
Skoghall,Varmland,Sweden
Guglingen,Vasterbotten,Sweden
Robertsfors,Vasterbotten,Sweden
Skelleftea,Vasterbotten,Sweden
Umea,Vasterbotten,Sweden
Gothenburg,Vastergotland,Sweden
Kallered,Vastergotland,Sweden
Kvanum,Vastergotland,Sweden
Timmersdala,Vastergotland,Sweden
Harnosand,Vasternorrland,Sweden
Ornskoldsvik,Vasternorrland,Sweden
Sundsvall,Vasternorrland,Sweden
Arboga,Vastmanland,Sweden
Fagersta,Vastmanland,Sweden
Hallstahammar,Vastmanland,Sweden
Koping,Vastmanland,Sweden
Sala,Vastmanland,Sweden
Vasteras,Vastmanland,Sweden
Aarau,Aargau,Switzerland
Aarburg,Aargau,Switzerland
Baden,Aargau,Switzerland
Bevilard,Aargau,Switzerland
Bremgarten,Aargau,Switzerland
Brugg,Aargau,Switzerland
Buchs,Aargau,Switzerland
Chevenez,Aargau,Switzerland
Fislisbach,Aargau,Switzerland
Granichen,Aargau,Switzerland
Hagglingen,Aargau,Switzerland
Kaiseraugst,Aargau,Switzerland
Kleindoettingen,Aargau,Switzerland
Klingnau,Aargau,Switzerland
Kuttigen,Aargau,Switzerland
Lenzburg,Aargau,Switzerland
Menziken,Aargau,Switzerland
Mohlin,Aargau,Switzerland
Mumpf,Aargau,Switzerland
Muri,Aargau,Switzerland
Neuenhof,Aargau,Switzerland
Niederlenz,Aargau,Switzerland
Niederwangen,Aargau,Switzerland
Niederwil,Aargau,Switzerland
Oberentfelden,Aargau,Switzerland
Obersiggenthal,Aargau,Switzerland
Oftringen,Aargau,Switzerland
Reinach,Aargau,Switzerland
Rheinfelden,Aargau,Switzerland
Rosshausern,Aargau,Switzerland
Rothrist,Aargau,Switzerland
Rupperswil,Aargau,Switzerland
Schmitten,Aargau,Switzerland
Seon,Aargau,Switzerland
Spreitenbach,Aargau,Switzerland
Stein,Aargau,Switzerland
Suhr,Aargau,Switzerland
Trogen,Aargau,Switzerland
Untersiggenthal,Aargau,Switzerland
Villmergen,Aargau,Switzerland
Wettingen,Aargau,Switzerland
Windisch,Aargau,Switzerland
Wohlen,Aargau,Switzerland
Wurenlos,Aargau,Switzerland
Zofingen,Aargau,Switzerland
Aesch,Basel-Landschaft,Switzerland
Allschwil,Basel-Landschaft,Switzerland
Arlesheim,Basel-Landschaft,Switzerland
Binningen,Basel-Landschaft,Switzerland
Birsfelden,Basel-Landschaft,Switzerland
Bottmingen,Basel-Landschaft,Switzerland
Ettingen,Basel-Landschaft,Switzerland
Frenkendorf,Basel-Landschaft,Switzerland
Gelterkinden,Basel-Landschaft,Switzerland
Laufen,Basel-Landschaft,Switzerland
Lausen,Basel-Landschaft,Switzerland
Liestal,Basel-Landschaft,Switzerland
Munchenstein,Basel-Landschaft,Switzerland
Muttenz,Basel-Landschaft,Switzerland
Oberwil,Basel-Landschaft,Switzerland
Pratteln,Basel-Landschaft,Switzerland
Reinach,Basel-Landschaft,Switzerland
Sissach,Basel-Landschaft,Switzerland
Therwil,Basel-Landschaft,Switzerland
Basel,Basel-Stadt,Switzerland
Riehen,Basel-Stadt,Switzerland
Belp,Bern,Switzerland
Bern,Bern,Switzerland
Berne,Bern,Switzerland
Biel,Bern,Switzerland
Biel-Bienne,Bern,Switzerland
Bolligen,Bern,Switzerland
Burgdorf,Bern,Switzerland
Frutigen,Bern,Switzerland
Heimberg,Bern,Switzerland
Herzogenbuchsee,Bern,Switzerland
Huttwil,Bern,Switzerland
Interlaken,Bern,Switzerland
Ittigen,Bern,Switzerland
Kirchberg,Bern,Switzerland
Koniz,Bern,Switzerland
Konolfingen,Bern,Switzerland
Langenthal,Bern,Switzerland
Langnau,Bern,Switzerland
Lengnau,Bern,Switzerland
Lyss,Bern,Switzerland
Meiringen,Bern,Switzerland
Moutier,Bern,Switzerland
Munchenbuchsee,Bern,Switzerland
Munsingen,Bern,Switzerland
Muri,Bern,Switzerland
Nidau,Bern,Switzerland
Orpund,Bern,Switzerland
Ostermundingen,Bern,Switzerland
Pieterlen,Bern,Switzerland
Saanen,Bern,Switzerland
Saint-Imier,Bern,Switzerland
Sonceboz,Bern,Switzerland
Spiez,Bern,Switzerland
Steffisburg,Bern,Switzerland
Sumiswald,Bern,Switzerland
Thun,Bern,Switzerland
Uetendorf,Bern,Switzerland
Unterseen,Bern,Switzerland
Urtenen,Bern,Switzerland
Vechingen,Bern,Switzerland
Wahlern,Bern,Switzerland
Wohlen,Bern,Switzerland
Worb,Bern,Switzerland
Zollikofen,Bern,Switzerland
Bulle,Fribourg,Switzerland
Dudingen,Fribourg,Switzerland
Fribourg,Fribourg,Switzerland
Granges-Paccot,Fribourg,Switzerland
Marly,Fribourg,Switzerland
Muntelier,Fribourg,Switzerland
Murten,Fribourg,Switzerland
Remaufens,Fribourg,Switzerland
Villars-sur-Glane,Fribourg,Switzerland
Villaz-Saint-Pierre,Fribourg,Switzerland
Wunnewil-Flamatt,Fribourg,Switzerland
Bernex,Geneve,Switzerland
Carouge,Geneve,Switzerland
Chene-Bougeries,Geneve,Switzerland
Chene-Bourg,Geneve,Switzerland
Collonge-Bellerive,Geneve,Switzerland
Cologny,Geneve,Switzerland
Geneva,Geneve,Switzerland
Geneve,Geneve,Switzerland
Lancy,Geneve,Switzerland
Le Grand-Saconnex,Geneve,Switzerland
Meyrin,Geneve,Switzerland
Onex,Geneve,Switzerland
Plan-les-Ouates,Geneve,Switzerland
Thonex,Geneve,Switzerland
Vernier,Geneve,Switzerland
Versoix,Geneve,Switzerland
Veyrier,Geneve,Switzerland
Glarus,Glarus,Switzerland
Nafels,Glarus,Switzerland
Arosa,Graubunden,Switzerland
Chur,Graubunden,Switzerland
Davos,Graubunden,Switzerland
Domat,Graubunden,Switzerland
Igis,Graubunden,Switzerland
Landquart,Graubunden,Switzerland
Maienfeld,Graubunden,Switzerland
Sankt Moritz,Graubunden,Switzerland
Heerbrugg,Heerbrugg,Switzerland
Delemont,Jura,Switzerland
Glovelier,Jura,Switzerland
Le Noirmont,Jura,Switzerland
Porrentruy,Jura,Switzerland
Adligenswil,Luzern,Switzerland
Ballwil,Luzern,Switzerland
Buchrain,Luzern,Switzerland
Ebikon,Luzern,Switzerland
Emmen,Luzern,Switzerland
Hochdorf,Luzern,Switzerland
Horw,Luzern,Switzerland
Kriens,Luzern,Switzerland
Littau,Luzern,Switzerland
Luzern,Luzern,Switzerland
Malters,Luzern,Switzerland
Meggen,Luzern,Switzerland
Neuenkirch,Luzern,Switzerland
Perlern,Luzern,Switzerland
Rothenburg,Luzern,Switzerland
Ruswil,Luzern,Switzerland
Sursee,Luzern,Switzerland
Muhen,Muhen,Switzerland
Bole,Neuchatel,Switzerland
Boudry,Neuchatel,Switzerland
Colombier,Neuchatel,Switzerland
La Chaux-de-Fonds,Neuchatel,Switzerland
Le Locle,Neuchatel,Switzerland
Neuchatel,Neuchatel,Switzerland
Peseux,Neuchatel,Switzerland
Buochs,Nidwalden,Switzerland
Hergiswil,Nidwalden,Switzerland
Stans,Nidwalden,Switzerland
Stansstad,Nidwalden,Switzerland
Alpnach,Obwalden,Switzerland
Kerns,Obwalden,Switzerland
Sachseln,Obwalden,Switzerland
Sarnen,Obwalden,Switzerland
Neuhausen,Schaffhausen,Switzerland
Schaffhausen,Schaffhausen,Switzerland
Altendorf,Schwyz,Switzerland
Arth,Schwyz,Switzerland
Buron,Schwyz,Switzerland
Einsiedeln,Schwyz,Switzerland
Feusisberg,Schwyz,Switzerland
Freienbach,Schwyz,Switzerland
Ingenbohl,Schwyz,Switzerland
Kussnacht,Schwyz,Switzerland
Lachen,Schwyz,Switzerland
Schubelbach,Schwyz,Switzerland
Schwyz,Schwyz,Switzerland
Wangen,Schwyz,Switzerland
Wollerau,Schwyz,Switzerland
Balsthal,Solothurn,Switzerland
Bellach,Solothurn,Switzerland
Bettlach,Solothurn,Switzerland
Biberist,Solothurn,Switzerland
Derendingen,Solothurn,Switzerland
Dornach,Solothurn,Switzerland
Dulliken,Solothurn,Switzerland
Feldbrunnen,Solothurn,Switzerland
Gerlafingen,Solothurn,Switzerland
Grenchen,Solothurn,Switzerland
Hagendorf,Solothurn,Switzerland
Olten,Solothurn,Switzerland
Schonenwerd,Solothurn,Switzerland
Solothurn,Solothurn,Switzerland
Trimbach,Solothurn,Switzerland
Wangen,Solothurn,Switzerland
Zuchwil,Solothurn,Switzerland
Aadorf,Thurgau,Switzerland
Amriswil,Thurgau,Switzerland
Arbon,Thurgau,Switzerland
Bischofszell,Thurgau,Switzerland
Felben-Wellhausen,Thurgau,Switzerland
Frauenfeld,Thurgau,Switzerland
Guttingen,Thurgau,Switzerland
Kreuzlingen,Thurgau,Switzerland
Romanshorn,Thurgau,Switzerland
Sirnach,Thurgau,Switzerland
Sulgen,Thurgau,Switzerland
Tagerwilen,Thurgau,Switzerland
Weinfelden,Thurgau,Switzerland
Ascona,Ticino,Switzerland
Bellinzona,Ticino,Switzerland
Biasca,Ticino,Switzerland
Breganzona,Ticino,Switzerland
Cadempino,Ticino,Switzerland
Chiasso,Ticino,Switzerland
Giubiasco,Ticino,Switzerland
Locarno,Ticino,Switzerland
Losone,Ticino,Switzerland
Lugano,Ticino,Switzerland
Massagno,Ticino,Switzerland
Melide,Ticino,Switzerland
Mendrisio,Ticino,Switzerland
Mezzovico,Ticino,Switzerland
Minusio,Ticino,Switzerland
Porza,Ticino,Switzerland
Pregassona,Ticino,Switzerland
Viganello,Ticino,Switzerland
Altdorf,Uri,Switzerland
Schattdorf,Uri,Switzerland
Bagnes,Valais,Switzerland
Brig-Glis,Valais,Switzerland
Collombey-Muraz,Valais,Switzerland
Conthey,Valais,Switzerland
Evionnaz,Valais,Switzerland
Fully,Valais,Switzerland
Martigny,Valais,Switzerland
Monthey,Valais,Switzerland
Naters,Valais,Switzerland
Nendaz,Valais,Switzerland
Niederwald,Valais,Switzerland
Saviese,Valais,Switzerland
Sierre,Valais,Switzerland
Sion,Valais,Switzerland
Visp,Valais,Switzerland
Vouvry,Valais,Switzerland
Zermatt,Valais,Switzerland
Aigle,Vaud,Switzerland
Ballaigues,Vaud,Switzerland
Bex,Vaud,Switzerland
Blonay,Vaud,Switzerland
Bussigny,Vaud,Switzerland
Chavannes,Vaud,Switzerland
Crissier,Vaud,Switzerland
Ecublens,Vaud,Switzerland
Epalinges,Vaud,Switzerland
Gland,Vaud,Switzerland
La Tour-de-Peilz,Vaud,Switzerland
Lausanne,Vaud,Switzerland
Le Mont-sur-Lausanne,Vaud,Switzerland
Lucerne,Vaud,Switzerland
Lutry,Vaud,Switzerland
Montreux,Vaud,Switzerland
Morges,Vaud,Switzerland
Nyon,Vaud,Switzerland
Ollon,Vaud,Switzerland
Orbe,Vaud,Switzerland
Payerne,Vaud,Switzerland
Prilly,Vaud,Switzerland
Puidoux,Vaud,Switzerland
Pully,Vaud,Switzerland
Renens,Vaud,Switzerland
Romainmotier,Vaud,Switzerland
Saint Sulpice,Vaud,Switzerland
Vevey,Vaud,Switzerland
Yverdon,Vaud,Switzerland
Vauffelin,Vauffelin,Switzerland
Baar,Zug,Switzerland
Cham,Zug,Switzerland
Hunenberg,Zug,Switzerland
Menzingen,Zug,Switzerland
Neuheim,Zug,Switzerland
Oberageri,Zug,Switzerland
Risch,Zug,Switzerland
Risch-Rotkreuz,Zug,Switzerland
Steinhausen,Zug,Switzerland
Unterageri,Zug,Switzerland
Zug,Zug,Switzerland
Adliswil,Zurich,Switzerland
Affoltern,Zurich,Switzerland
Bachenbulach,Zurich,Switzerland
Bassersdorf,Zurich,Switzerland
Birmensdorf,Zurich,Switzerland
Bubikon,Zurich,Switzerland
Bulach,Zurich,Switzerland
Dielsdorf,Zurich,Switzerland
Dietikon,Zurich,Switzerland
Dietlikon,Zurich,Switzerland
Dubendorf,Zurich,Switzerland
Durnten,Zurich,Switzerland
Ebmatingen,Zurich,Switzerland
Egg,Zurich,Switzerland
Embrach,Zurich,Switzerland
Erlenbach,Zurich,Switzerland
Fallanden,Zurich,Switzerland
Fehraltdorf,Zurich,Switzerland
Geroldswil,Zurich,Switzerland
Gossau,Zurich,Switzerland
Greifensee,Zurich,Switzerland
Herrliberg,Zurich,Switzerland
Hinwil,Zurich,Switzerland
Hombrechtikon,Zurich,Switzerland
Horgen,Zurich,Switzerland
Illnau-Effretikon,Zurich,Switzerland
Kilchberg,Zurich,Switzerland
Kloten,Zurich,Switzerland
Kusnacht,Zurich,Switzerland
Langnau,Zurich,Switzerland
Mannedorf,Zurich,Switzerland
Maur,Zurich,Switzerland
Meilen,Zurich,Switzerland
Neftenbach,Zurich,Switzerland
Niederhasli,Zurich,Switzerland
Nurensdorf,Zurich,Switzerland
Oberengstringen,Zurich,Switzerland
Oberglatt,Zurich,Switzerland
Oberrieden,Zurich,Switzerland
Opfikon,Zurich,Switzerland
Pfaffikon,Zurich,Switzerland
Rafz,Zurich,Switzerland
Regensdorf,Zurich,Switzerland
Richterswil,Zurich,Switzerland
Rumlang,Zurich,Switzerland
Ruschlikon,Zurich,Switzerland
Ruti,Zurich,Switzerland
Schlieren,Zurich,Switzerland
Schwerzenbach,Zurich,Switzerland
Seuzach,Zurich,Switzerland
Stafa,Zurich,Switzerland
Thalwil,Zurich,Switzerland
Uetikon,Zurich,Switzerland
Urdorf,Zurich,Switzerland
Uster,Zurich,Switzerland
Volketswil,Zurich,Switzerland
Wadenswil,Zurich,Switzerland
Wald,Zurich,Switzerland
Wallisellen,Zurich,Switzerland
Wangen-Bruttisellen,Zurich,Switzerland
Weiningen,Zurich,Switzerland
Wetzikon,Zurich,Switzerland
Winterthur,Zurich,Switzerland
Zell,Zurich,Switzerland
Zollikon,Zurich,Switzerland
Zumikon,Zurich,Switzerland
Zurich,Zurich,Switzerland
Adana,Adana,Turkey
Aladag,Adana,Turkey
Ceyhan,Adana,Turkey
Feke,Adana,Turkey
Imamoglu,Adana,Turkey
Karaisali,Adana,Turkey
Karatas,Adana,Turkey
Kozan,Adana,Turkey
Pozanti,Adana,Turkey
Saimbeyli,Adana,Turkey
Tufanbeyli,Adana,Turkey
Yumurtalik,Adana,Turkey
Adiyaman,Adiyaman,Turkey
Besni,Adiyaman,Turkey
Celikhan,Adiyaman,Turkey
Gerger,Adiyaman,Turkey
Golbasi,Adiyaman,Turkey
Kahta,Adiyaman,Turkey
Samsat,Adiyaman,Turkey
Sincik,Adiyaman,Turkey
Tut,Adiyaman,Turkey
Afyonkarahisar,Afyon,Turkey
Basmakci,Afyon,Turkey
Bayat,Afyon,Turkey
Bolvadin,Afyon,Turkey
Cay,Afyon,Turkey
Dazkiri,Afyon,Turkey
Dinar,Afyon,Turkey
Emirdag,Afyon,Turkey
Evciler,Afyon,Turkey
Hocalar,Afyon,Turkey
Ihsaniye,Afyon,Turkey
Iscehisar,Afyon,Turkey
Kiziloren,Afyon,Turkey
Sandikli,Afyon,Turkey
Sincanli,Afyon,Turkey
Suhut,Afyon,Turkey
Sultandagi,Afyon,Turkey
Diyadin,Agri,Turkey
Dogubeyazit,Agri,Turkey
Eleskirt,Agri,Turkey
Hamur,Agri,Turkey
Karakose,Agri,Turkey
Patnos,Agri,Turkey
Taslicay,Agri,Turkey
Tutak,Agri,Turkey
Agacoren,Aksaray,Turkey
Aksaray,Aksaray,Turkey
Eskil,Aksaray,Turkey
Gulagac,Aksaray,Turkey
Guzelyurt,Aksaray,Turkey
Ortakoy,Aksaray,Turkey
Sariyahsi,Aksaray,Turkey
Amasya,Amasya,Turkey
Goynucek,Amasya,Turkey
Gumushacikoy,Amasya,Turkey
Hamamozu,Amasya,Turkey
Merzifon,Amasya,Turkey
Suluova,Amasya,Turkey
Tasova,Amasya,Turkey
Akyurt,Ankara,Turkey
Ankara,Ankara,Turkey
Ayas,Ankara,Turkey
Beypazari,Ankara,Turkey
Camlidere,Ankara,Turkey
Cubuk,Ankara,Turkey
Elmadag,Ankara,Turkey
Evren,Ankara,Turkey
Gudul,Ankara,Turkey
Haymana,Ankara,Turkey
Kalecik,Ankara,Turkey
Kazan,Ankara,Turkey
Kizilcahamam,Ankara,Turkey
Nallihan,Ankara,Turkey
Polatli,Ankara,Turkey
Sereflikochisar,Ankara,Turkey
Yenisehir,Ankara,Turkey
Akseki,Antalya,Turkey
Alanya,Antalya,Turkey
Antalya,Antalya,Turkey
Elmali,Antalya,Turkey
Finike,Antalya,Turkey
Gazipasa,Antalya,Turkey
Gundogmus,Antalya,Turkey
Ibradi,Antalya,Turkey
Kale,Antalya,Turkey
Kas,Antalya,Turkey
Kemer,Antalya,Turkey
Konya,Antalya,Turkey
Korkuteli,Antalya,Turkey
Kumluca,Antalya,Turkey
Manavgat,Antalya,Turkey
Serik,Antalya,Turkey
Ardahan,Ardahan,Turkey
Damal,Ardahan,Turkey
Gole,Ardahan,Turkey
Hanak,Ardahan,Turkey
Posof,Ardahan,Turkey
Ardanuc,Artvin,Turkey
Arhavi,Artvin,Turkey
Artvin,Artvin,Turkey
Borcka,Artvin,Turkey
Hopa,Artvin,Turkey
Murgul,Artvin,Turkey
Savsat,Artvin,Turkey
Yusufeli,Artvin,Turkey
Aydin,Aydin,Turkey
Bozdogan,Aydin,Turkey
Buharkent,Aydin,Turkey
Cine,Aydin,Turkey
Didim,Aydin,Turkey
Germencik,Aydin,Turkey
Incirliova,Aydin,Turkey
Karacasu,Aydin,Turkey
Karpuzlu,Aydin,Turkey
Kocarli,Aydin,Turkey
Kosk,Aydin,Turkey
Kusadasi,Aydin,Turkey
Kuyucak,Aydin,Turkey
Nazilli,Aydin,Turkey
Soke,Aydin,Turkey
Sultanhisar,Aydin,Turkey
Yenipazar,Aydin,Turkey
Ayvalik,Balikesir,Turkey
Balikesir,Balikesir,Turkey
Balya,Balikesir,Turkey
Bandirma,Balikesir,Turkey
Bigadic,Balikesir,Turkey
Burhaniye,Balikesir,Turkey
Dursunbey,Balikesir,Turkey
Edremit,Balikesir,Turkey
Erdek,Balikesir,Turkey
Gomec,Balikesir,Turkey
Gonen,Balikesir,Turkey
Havran,Balikesir,Turkey
Ivrindi,Balikesir,Turkey
Kepsut,Balikesir,Turkey
Manyas,Balikesir,Turkey
Marmara,Balikesir,Turkey
Sakarya,Balikesir,Turkey
Savastepe,Balikesir,Turkey
Sindirgi,Balikesir,Turkey
Susurluk,Balikesir,Turkey
Amasra,Bartin,Turkey
Bartin,Bartin,Turkey
Kurucasile,Bartin,Turkey
Ulus,Bartin,Turkey
Batman,Batman,Turkey
Besiri,Batman,Turkey
Gercus,Batman,Turkey
Hasankeyf,Batman,Turkey
Kozluk,Batman,Turkey
Sason,Batman,Turkey
Aydintepe,Bayburt,Turkey
Bayburt,Bayburt,Turkey
Demirozu,Bayburt,Turkey
Bilecik,Bilecik,Turkey
Bozuyuk,Bilecik,Turkey
Golpazari,Bilecik,Turkey
Inhisar,Bilecik,Turkey
Osmaneli,Bilecik,Turkey
Pazaryeri,Bilecik,Turkey
Sogut,Bilecik,Turkey
Yenipazar,Bilecik,Turkey
Adakli,Bingol,Turkey
Bingol,Bingol,Turkey
Genc,Bingol,Turkey
Karliova,Bingol,Turkey
Kigi,Bingol,Turkey
Solhan,Bingol,Turkey
Yayladere,Bingol,Turkey
Yedisu,Bingol,Turkey
Adilcevaz,Bitlis,Turkey
Ahlat,Bitlis,Turkey
Bitlis,Bitlis,Turkey
Guroymak,Bitlis,Turkey
Hizan,Bitlis,Turkey
Mutki,Bitlis,Turkey
Tatvan,Bitlis,Turkey
Akcakoca,Bolu,Turkey
Bolu,Bolu,Turkey
Dortdivan,Bolu,Turkey
Gerede,Bolu,Turkey
Goynuk,Bolu,Turkey
Kibriscik,Bolu,Turkey
Mengen,Bolu,Turkey
Mudurnu,Bolu,Turkey
Seben,Bolu,Turkey
Yenicaga,Bolu,Turkey
Aglasun,Burdur,Turkey
Altinyayla,Burdur,Turkey
Bucak,Burdur,Turkey
Burdur,Burdur,Turkey
Golhisar,Burdur,Turkey
Karamanli,Burdur,Turkey
Kemer,Burdur,Turkey
Tefenni,Burdur,Turkey
Yesilova,Burdur,Turkey
Bursa,Bursa,Turkey
Buyukorhan,Bursa,Turkey
Gemlik,Bursa,Turkey
Gursu,Bursa,Turkey
Harmancik,Bursa,Turkey
Inegol,Bursa,Turkey
Iznik,Bursa,Turkey
Karacabey,Bursa,Turkey
Keles,Bursa,Turkey
Kestel,Bursa,Turkey
Mudanya,Bursa,Turkey
Mustafakemalpasa,Bursa,Turkey
Orhaneli,Bursa,Turkey
Orhangazi,Bursa,Turkey
Yenisehir,Bursa,Turkey
Ayvacik,Canakkale,Turkey
Bayramic,Canakkale,Turkey
Biga,Canakkale,Turkey
Bozcaada,Canakkale,Turkey
Can,Canakkale,Turkey
Canakkale,Canakkale,Turkey
Eceabat,Canakkale,Turkey
Ezine,Canakkale,Turkey
Gelibolu,Canakkale,Turkey
Gokceada,Canakkale,Turkey
Lapseki,Canakkale,Turkey
Yenice,Canakkale,Turkey
Atkaracalar,Cankiri,Turkey
Bayramoren,Cankiri,Turkey
Cankiri,Cankiri,Turkey
Cerkes,Cankiri,Turkey
Eldivan,Cankiri,Turkey
Ilgaz,Cankiri,Turkey
Kizilirmak,Cankiri,Turkey
Korgun,Cankiri,Turkey
Kursunlu,Cankiri,Turkey
Orta,Cankiri,Turkey
Sabanozu,Cankiri,Turkey
Yaprakli,Cankiri,Turkey
Alaca,Corum,Turkey
Bayat,Corum,Turkey
Corum,Corum,Turkey
Dodurga,Corum,Turkey
Iskilip,Corum,Turkey
Kargi,Corum,Turkey
Lacin,Corum,Turkey
Mecitozu,Corum,Turkey
Oguzlar,Corum,Turkey
Ortakoy,Corum,Turkey
Osmancik,Corum,Turkey
Sungurlu,Corum,Turkey
Ugurludag,Corum,Turkey
Acipayam,Denizli,Turkey
Akkoy,Denizli,Turkey
Babadag,Denizli,Turkey
Baklan,Denizli,Turkey
Bekilli,Denizli,Turkey
Bozkurt,Denizli,Turkey
Buldan,Denizli,Turkey
Cardak,Denizli,Turkey
Civril,Denizli,Turkey
Denizli,Denizli,Turkey
Guney,Denizli,Turkey
Honaz,Denizli,Turkey
Kale,Denizli,Turkey
Saraykoy,Denizli,Turkey
Serinhisar,Denizli,Turkey
Tavas,Denizli,Turkey
Bismil,Diyarbakir,Turkey
Cermik,Diyarbakir,Turkey
Cinar,Diyarbakir,Turkey
Cungus,Diyarbakir,Turkey
Dicle,Diyarbakir,Turkey
Diyarbakir,Diyarbakir,Turkey
Egil,Diyarbakir,Turkey
Ergani,Diyarbakir,Turkey
Hani,Diyarbakir,Turkey
Hazro,Diyarbakir,Turkey
Kocakoy,Diyarbakir,Turkey
Kulp,Diyarbakir,Turkey
Lice,Diyarbakir,Turkey
Silvan,Diyarbakir,Turkey
Cumayeri,Duzce,Turkey
Duzce,Duzce,Turkey
Golyaka,Duzce,Turkey
Gumusova,Duzce,Turkey
Kaynasli,Duzce,Turkey
Yigilca,Duzce,Turkey
Edirne,Edirne,Turkey
Enez,Edirne,Turkey
Havsa,Edirne,Turkey
Ipsala,Edirne,Turkey
Kesan,Edirne,Turkey
Lalapasa,Edirne,Turkey
Meric,Edirne,Turkey
Suleoglu,Edirne,Turkey
Uzunkopru,Edirne,Turkey
Agin,Elazig,Turkey
Alacakaya,Elazig,Turkey
Aricak,Elazig,Turkey
Baskil,Elazig,Turkey
Elazig,Elazig,Turkey
Karakocan,Elazig,Turkey
Keban,Elazig,Turkey
Kovancilar,Elazig,Turkey
Maden,Elazig,Turkey
Palu,Elazig,Turkey
Sivrice,Elazig,Turkey
Erzincan,Erzincan,Turkey
Ilic,Erzincan,Turkey
Kemah,Erzincan,Turkey
Kemaliye,Erzincan,Turkey
Otlukbeli,Erzincan,Turkey
Refahiye,Erzincan,Turkey
Tercan,Erzincan,Turkey
Uzumlu,Erzincan,Turkey
Askale,Erzurum,Turkey
Erzurum,Erzurum,Turkey
Hinis,Erzurum,Turkey
Horasan,Erzurum,Turkey
Ilica,Erzurum,Turkey
Ispir,Erzurum,Turkey
Karacoban,Erzurum,Turkey
Karayazi,Erzurum,Turkey
Koprukoy,Erzurum,Turkey
Narman,Erzurum,Turkey
Oltu,Erzurum,Turkey
Olur,Erzurum,Turkey
Pasinler,Erzurum,Turkey
Pazaryolu,Erzurum,Turkey
Senkaya,Erzurum,Turkey
Tekman,Erzurum,Turkey
Tortum,Erzurum,Turkey
Uzundere,Erzurum,Turkey
Alpu,Eskisehir,Turkey
Beylikova,Eskisehir,Turkey
Cifteler,Eskisehir,Turkey
Eskisehir,Eskisehir,Turkey
Gunyuzu,Eskisehir,Turkey
Han,Eskisehir,Turkey
Inonu,Eskisehir,Turkey
Mahmudiye,Eskisehir,Turkey
Mihalgazi,Eskisehir,Turkey
Mihaliccik,Eskisehir,Turkey
Saricakaya,Eskisehir,Turkey
Seyitgazi,Eskisehir,Turkey
Sivrihisar,Eskisehir,Turkey
Araban,Gaziantep,Turkey
Gaziantep,Gaziantep,Turkey
Islahiye,Gaziantep,Turkey
Karkamis,Gaziantep,Turkey
Nizip,Gaziantep,Turkey
Nurdagi,Gaziantep,Turkey
Oguzeli,Gaziantep,Turkey
Sehitkamil,Gaziantep,Turkey
Yavuzeli,Gaziantep,Turkey
Aluca,Giresun,Turkey
Bulancak,Giresun,Turkey
Dereli,Giresun,Turkey
Dogankent,Giresun,Turkey
Espiye,Giresun,Turkey
Eynesil,Giresun,Turkey
Giresun,Giresun,Turkey
Gorele,Giresun,Turkey
Guce,Giresun,Turkey
Kesap,Giresun,Turkey
Piraziz,Giresun,Turkey
Sebinkarahisar,Giresun,Turkey
Tirebolu,Giresun,Turkey
Yaglidere,Giresun,Turkey
Gumushane,Gumushane,Turkey
Kelkit,Gumushane,Turkey
Kose,Gumushane,Turkey
Kurtun,Gumushane,Turkey
Siran,Gumushane,Turkey
Torul,Gumushane,Turkey
Cukurca,Hakkari,Turkey
Hakkari,Hakkari,Turkey
Semdinli,Hakkari,Turkey
Yuksekova,Hakkari,Turkey
Altinozu,Hatay,Turkey
Antakya,Hatay,Turkey
Belen,Hatay,Turkey
Dortyol,Hatay,Turkey
Erzin,Hatay,Turkey
Hassa,Hatay,Turkey
Iskenderun,Hatay,Turkey
Kirikhan,Hatay,Turkey
Kumlu,Hatay,Turkey
Reyhanli,Hatay,Turkey
Samandag,Hatay,Turkey
Yayladagi,Hatay,Turkey
Anamur,Icel,Turkey
Aydincik,Icel,Turkey
Bozyazi,Icel,Turkey
Erdemli,Icel,Turkey
Gulnar,Icel,Turkey
Mersin,Icel,Turkey
Mut,Icel,Turkey
Silifke,Icel,Turkey
Tarsus,Icel,Turkey
Aralik,Igdir,Turkey
Igdir,Igdir,Turkey
Karakoyunlu,Igdir,Turkey
Tuzluca,Igdir,Turkey
Aksu,Isparta,Turkey
Atabey,Isparta,Turkey
Egirdir,Isparta,Turkey
Gelendost,Isparta,Turkey
Gonen,Isparta,Turkey
Isparta,Isparta,Turkey
Keciborlu,Isparta,Turkey
Sarkikaraagac,Isparta,Turkey
Senirkent,Isparta,Turkey
Sutculer,Isparta,Turkey
Uluborlu,Isparta,Turkey
Yalvac,Isparta,Turkey
Yenisarbademli,Isparta,Turkey
Buyukcekmece,Istanbul,Turkey
Catalca,Istanbul,Turkey
Eminonu,Istanbul,Turkey
Esenler,Istanbul,Turkey
Istanbul,Istanbul,Turkey
Kadıkoy,Istanbul,Turkey
Sile,Istanbul,Turkey
Silivri,Istanbul,Turkey
Sultanbeyli,Istanbul,Turkey
Topkapı,Istanbul,Turkey
Tuzla,Istanbul,Turkey
Umraniye,Istanbul,Turkey
Aliaga,Izmir,Turkey
Alsancak,Izmir,Turkey
Bayindir,Izmir,Turkey
Bergama,Izmir,Turkey
Beyagac,Izmir,Turkey
Bornova,Izmir,Turkey
Cesme,Izmir,Turkey
Digor,Izmir,Turkey
Dikili,Izmir,Turkey
Foca,Izmir,Turkey
Izmir,Izmir,Turkey
Karaburun,Izmir,Turkey
Kemalpasa,Izmir,Turkey
Kinik,Izmir,Turkey
Kiraz,Izmir,Turkey
Menderes,Izmir,Turkey
Menemen,Izmir,Turkey
Merkezi,Izmir,Turkey
Mersinli,Izmir,Turkey
Odemis,Izmir,Turkey
Seferihisar,Izmir,Turkey
Selcuk,Izmir,Turkey
Tire,Izmir,Turkey
Torbali,Izmir,Turkey
Urla,Izmir,Turkey
Afsin,Kahramanmaras,Turkey
Andirin,Kahramanmaras,Turkey
Caglayancerit,Kahramanmaras,Turkey
Ekinozu,Kahramanmaras,Turkey
Elbistan,Kahramanmaras,Turkey
Goksun,Kahramanmaras,Turkey
Kahramanmaras,Kahramanmaras,Turkey
Nurhak,Kahramanmaras,Turkey
Pazarcik,Kahramanmaras,Turkey
Turkoglu,Kahramanmaras,Turkey
Eflani,Karabuk,Turkey
Eskipazar,Karabuk,Turkey
Karabuk,Karabuk,Turkey
Ovacik,Karabuk,Turkey
Safranbolu,Karabuk,Turkey
Yenice,Karabuk,Turkey
Ayranci,Karaman,Turkey
Basyayla,Karaman,Turkey
Ermenek,Karaman,Turkey
Karaman,Karaman,Turkey
Kazimkarabekir,Karaman,Turkey
Sariveliler,Karaman,Turkey
Akyaka,Kars,Turkey
Arpacay,Kars,Turkey
Kagizman,Kars,Turkey
Kars,Kars,Turkey
Sarikamis,Kars,Turkey
Selim,Kars,Turkey
Susuz,Kars,Turkey
Karsiyaka,Karsiyaka,Turkey
Abana,Kastamonu,Turkey
Agli,Kastamonu,Turkey
Arac,Kastamonu,Turkey
Azdavay,Kastamonu,Turkey
Bozkurt,Kastamonu,Turkey
Daday,Kastamonu,Turkey
Devrekani,Kastamonu,Turkey
Doganyurt,Kastamonu,Turkey
Hanonu,Kastamonu,Turkey
Ihsangazi,Kastamonu,Turkey
Inebolu,Kastamonu,Turkey
Kastamonu,Kastamonu,Turkey
Kure,Kastamonu,Turkey
Pinarbasi,Kastamonu,Turkey
Senpazar,Kastamonu,Turkey
Seydiler,Kastamonu,Turkey
Taskopru,Kastamonu,Turkey
Tosya,Kastamonu,Turkey
Akkisla,Kayseri,Turkey
Bunyan,Kayseri,Turkey
Develi,Kayseri,Turkey
Felahiye,Kayseri,Turkey
Hacilar,Kayseri,Turkey
Incesu,Kayseri,Turkey
Kayseri,Kayseri,Turkey
Ozvatan,Kayseri,Turkey
Pinarbasi,Kayseri,Turkey
Sarioglan,Kayseri,Turkey
Sariz,Kayseri,Turkey
Talas,Kayseri,Turkey
Tomarza,Kayseri,Turkey
Yahyali,Kayseri,Turkey
Yesilhisar,Kayseri,Turkey
Elbeyli,Kilis,Turkey
Kilis,Kilis,Turkey
Musabeyli,Kilis,Turkey
Polateli,Kilis,Turkey
Bahsili,Kirikkale,Turkey
Baliseyh,Kirikkale,Turkey
Delice,Kirikkale,Turkey
Karakecili,Kirikkale,Turkey
Keskin,Kirikkale,Turkey
Kirikkale,Kirikkale,Turkey
Sulakyurt,Kirikkale,Turkey
Yahsihan,Kirikkale,Turkey
Babaeski,Kirklareli,Turkey
Demirkoy,Kirklareli,Turkey
Kirklareli,Kirklareli,Turkey
Kofcaz,Kirklareli,Turkey
Kumkoy,Kirklareli,Turkey
Luleburgaz,Kirklareli,Turkey
Pehlivankoy,Kirklareli,Turkey
Pinarhisar,Kirklareli,Turkey
Vize,Kirklareli,Turkey
Akcakent,Kirsehir,Turkey
Akpinar,Kirsehir,Turkey
Boztepe,Kirsehir,Turkey
Kaman,Kirsehir,Turkey
Kirsehir,Kirsehir,Turkey
Mucur,Kirsehir,Turkey
Cayırova,Kocaeli,Turkey
Derince,Kocaeli,Turkey
Dilovası,Kocaeli,Turkey
Gebze,Kocaeli,Turkey
Golcuk,Kocaeli,Turkey
Izmit,Kocaeli,Turkey
Kandira,Kocaeli,Turkey
Karamursel,Kocaeli,Turkey
Kocaeli,Kocaeli,Turkey
Korfez,Kocaeli,Turkey
Ahirli,Konya,Turkey
Akoren,Konya,Turkey
Aksehir,Konya,Turkey
Altinekin,Konya,Turkey
Beysehir,Konya,Turkey
Bozkir,Konya,Turkey
Cihanbeyli,Konya,Turkey
Cumra,Konya,Turkey
Derbent,Konya,Turkey
Derebucak,Konya,Turkey
Doganhisar,Konya,Turkey
Emirgazi,Konya,Turkey
Eregli,Konya,Turkey
Guneysinir,Konya,Turkey
Hadim,Konya,Turkey
Halkapinar,Konya,Turkey
Huyuk,Konya,Turkey
Ilgin,Konya,Turkey
Kadinhani,Konya,Turkey
Karapinar,Konya,Turkey
Konya,Konya,Turkey
Kulu,Konya,Turkey
Sarayonu,Konya,Turkey
Seydisehir,Konya,Turkey
Taskent,Konya,Turkey
Tuzlukcu,Konya,Turkey
Yalihuyuk,Konya,Turkey
Yunak,Konya,Turkey
Altinas,Kutahya,Turkey
Aslanapa,Kutahya,Turkey
Domanic,Kutahya,Turkey
Dumlupinar,Kutahya,Turkey
Emet,Kutahya,Turkey
Gediz,Kutahya,Turkey
Kutahya,Kutahya,Turkey
Pazarlar,Kutahya,Turkey
Saphane,Kutahya,Turkey
Simav,Kutahya,Turkey
Tavsanli,Kutahya,Turkey
Lefkosa,Lefkosa,Turkey
Akcadag,Malatya,Turkey
Arapkir,Malatya,Turkey
Arguvan,Malatya,Turkey
Battalgazi,Malatya,Turkey
Darende,Malatya,Turkey
Dogansehir,Malatya,Turkey
Doganyol,Malatya,Turkey
Hekimhan,Malatya,Turkey
Kale,Malatya,Turkey
Kuluncak,Malatya,Turkey
Malatya,Malatya,Turkey
Poturge,Malatya,Turkey
Yazihan,Malatya,Turkey
Yesilyurt,Malatya,Turkey
Ahmetli,Manisa,Turkey
Akhisar,Manisa,Turkey
Alasehir,Manisa,Turkey
Demirci,Manisa,Turkey
Golmarmara,Manisa,Turkey
Gordes,Manisa,Turkey
Kirkagac,Manisa,Turkey
Koprubasi,Manisa,Turkey
Kula,Manisa,Turkey
Manisa,Manisa,Turkey
Salihli,Manisa,Turkey
Sarigol,Manisa,Turkey
Saruhanli,Manisa,Turkey
Selendi,Manisa,Turkey
Soma,Manisa,Turkey
Turgutlu,Manisa,Turkey
Dargecit,Mardin,Turkey
Derik,Mardin,Turkey
Kiziltepe,Mardin,Turkey
Mardin,Mardin,Turkey
Mazidagi,Mardin,Turkey
Midyat,Mardin,Turkey
Nusaybin,Mardin,Turkey
Omerli,Mardin,Turkey
Savur,Mardin,Turkey
Yesilli,Mardin,Turkey
Bodrum,Mugla,Turkey
Dalaman,Mugla,Turkey
Datca,Mugla,Turkey
Fethiye,Mugla,Turkey
Kavaklidere,Mugla,Turkey
Koycegiz,Mugla,Turkey
Marmaris,Mugla,Turkey
Milas,Mugla,Turkey
Mugla,Mugla,Turkey
Ortaca,Mugla,Turkey
Ula,Mugla,Turkey
Yatagan,Mugla,Turkey
Bulanik,Mus,Turkey
Haskoy,Mus,Turkey
Korkut,Mus,Turkey
Malazgirt,Mus,Turkey
Mus,Mus,Turkey
Varto,Mus,Turkey
Acigol,Nevsehir,Turkey
Avanos,Nevsehir,Turkey
Derinkuyu,Nevsehir,Turkey
Gulsehir,Nevsehir,Turkey
Hacibektas,Nevsehir,Turkey
Kozakli,Nevsehir,Turkey
Nevsehir,Nevsehir,Turkey
Urgup,Nevsehir,Turkey
Altunhisar,Nigde,Turkey
Bor,Nigde,Turkey
Nigde,Nigde,Turkey
Ulukisla,Nigde,Turkey
Akkus,Ordu,Turkey
Aybasti,Ordu,Turkey
Camas,Ordu,Turkey
Fatsa,Ordu,Turkey
Golkoy,Ordu,Turkey
Gulyali,Ordu,Turkey
Gurgentepe,Ordu,Turkey
Ikizce,Ordu,Turkey
Kabaduz,Ordu,Turkey
Kabatas,Ordu,Turkey
Korgan,Ordu,Turkey
Kumru,Ordu,Turkey
Mesudiye,Ordu,Turkey
Ordu,Ordu,Turkey
Persembe,Ordu,Turkey
Ulubey,Ordu,Turkey
Unye,Ordu,Turkey
Bahce,Osmaniye,Turkey
Duzici,Osmaniye,Turkey
Hasanbeyli,Osmaniye,Turkey
Kadirli,Osmaniye,Turkey
Osmaniye,Osmaniye,Turkey
Sumbas,Osmaniye,Turkey
Toprakkale,Osmaniye,Turkey
Ardesen,Rize,Turkey
Cayeli,Rize,Turkey
Derepazan,Rize,Turkey
Findikli,Rize,Turkey
Guneysu,Rize,Turkey
Hemsin,Rize,Turkey
Ikizdere,Rize,Turkey
Iyidere,Rize,Turkey
Kalkandere,Rize,Turkey
Pazar,Rize,Turkey
Rize,Rize,Turkey
Adapazari,Sakarya,Turkey
Akyazi,Sakarya,Turkey
Ferizli,Sakarya,Turkey
Geyve,Sakarya,Turkey
Hendek,Sakarya,Turkey
Karapurcek,Sakarya,Turkey
Karasu,Sakarya,Turkey
Kaynarca,Sakarya,Turkey
Kocaali,Sakarya,Turkey
Pamukova,Sakarya,Turkey
Sapanca,Sakarya,Turkey
Sogutlu,Sakarya,Turkey
Tarakli,Sakarya,Turkey
Akcakale,Samsun,Turkey
Alacam,Samsun,Turkey
Asarcik,Samsun,Turkey
Ayvacik,Samsun,Turkey
Bafra,Samsun,Turkey
Carsamba,Samsun,Turkey
Havza,Samsun,Turkey
Kavak,Samsun,Turkey
Ladik,Samsun,Turkey
Mayis 19,Samsun,Turkey
Salipazan,Samsun,Turkey
Samsun,Samsun,Turkey
Tekkekoy,Samsun,Turkey
Terme,Samsun,Turkey
Vezirkopru,Samsun,Turkey
Yakakent,Samsun,Turkey
Birecik,Sanliurfa,Turkey
Bozova,Sanliurfa,Turkey
Ceylanpinar,Sanliurfa,Turkey
Halfeti,Sanliurfa,Turkey
Harran,Sanliurfa,Turkey
Hilvan,Sanliurfa,Turkey
Sanliurfa,Sanliurfa,Turkey
Siverek,Sanliurfa,Turkey
Suruc,Sanliurfa,Turkey
Urfa,Sanliurfa,Turkey
Viransehir,Sanliurfa,Turkey
Aydinlar,Siirt,Turkey
Baykan,Siirt,Turkey
Eruh,Siirt,Turkey
Kurtalan,Siirt,Turkey
Pervari,Siirt,Turkey
Siirt,Siirt,Turkey
Sirvan,Siirt,Turkey
Ayancik,Sinop,Turkey
Boyabat,Sinop,Turkey
Dikmen,Sinop,Turkey
Duragan,Sinop,Turkey
Erfelek,Sinop,Turkey
Gerze,Sinop,Turkey
Sarayduzu,Sinop,Turkey
Sinop,Sinop,Turkey
Turkeli,Sinop,Turkey
Beytussebap,Sirnak,Turkey
Cizre,Sirnak,Turkey
Guclukonak,Sirnak,Turkey
Idil,Sirnak,Turkey
Silopi,Sirnak,Turkey
Sirnak,Sirnak,Turkey
Uludere,Sirnak,Turkey
Akincilar,Sivas,Turkey
Altinyayla,Sivas,Turkey
Divrigi,Sivas,Turkey
Dogansar,Sivas,Turkey
Gemerek,Sivas,Turkey
Golova,Sivas,Turkey
Gurun,Sivas,Turkey
Hafik,Sivas,Turkey
Imranli,Sivas,Turkey
Kangal,Sivas,Turkey
Koyulhisar,Sivas,Turkey
Sarkisla,Sivas,Turkey
Sivas,Sivas,Turkey
Susehri,Sivas,Turkey
Ulas,Sivas,Turkey
Yildizeli,Sivas,Turkey
Zara,Sivas,Turkey
Cerkezkoy,Tekirdag,Turkey
Corlu,Tekirdag,Turkey
Hayrabolu,Tekirdag,Turkey
Malkara,Tekirdag,Turkey
Marmaraereglisi,Tekirdag,Turkey
Muratli,Tekirdag,Turkey
Saray,Tekirdag,Turkey
Sarkoy,Tekirdag,Turkey
Tekirdag,Tekirdag,Turkey
Almus,Tokat,Turkey
Artova,Tokat,Turkey
Basciftlik,Tokat,Turkey
Erbaa,Tokat,Turkey
Niksar,Tokat,Turkey
Pazar,Tokat,Turkey
Resadiye,Tokat,Turkey
Sulusaray,Tokat,Turkey
Tokat,Tokat,Turkey
Turhal,Tokat,Turkey
Yesilyurt,Tokat,Turkey
Zile,Tokat,Turkey
Akcaabat,Trabzon,Turkey
Arakli,Trabzon,Turkey
Arsin,Trabzon,Turkey
Besikduzu,Trabzon,Turkey
Caykara,Trabzon,Turkey
Dernekpazari,Trabzon,Turkey
Duzkoy,Trabzon,Turkey
Hayrat,Trabzon,Turkey
Koprubasi,Trabzon,Turkey
Macka,Trabzon,Turkey
Of,Trabzon,Turkey
Salpazari,Trabzon,Turkey
Surmene,Trabzon,Turkey
Tonya,Trabzon,Turkey
Trabzon,Trabzon,Turkey
Vakfikebir,Trabzon,Turkey
Yomra,Trabzon,Turkey
Hozat,Tunceli,Turkey
Mazgirt,Tunceli,Turkey
Nazimiye,Tunceli,Turkey
Ovacik,Tunceli,Turkey
Pertek,Tunceli,Turkey
Pulumur,Tunceli,Turkey
Tunceli,Tunceli,Turkey
Banaz,Usak,Turkey
Esme,Usak,Turkey
Karahalli,Usak,Turkey
Sivasli,Usak,Turkey
Ulubey,Usak,Turkey
Usak,Usak,Turkey
Bahcesaray,Van,Turkey
Baskale,Van,Turkey
Caldiran,Van,Turkey
Edremit,Van,Turkey
Ercis,Van,Turkey
Gevas,Van,Turkey
Gurpinar,Van,Turkey
Muradiye,Van,Turkey
Ozalp,Van,Turkey
Saray,Van,Turkey
Van,Van,Turkey
Altinova,Yalova,Turkey
Armutlu,Yalova,Turkey
Ciftlikkoy,Yalova,Turkey
Cinarcik,Yalova,Turkey
Termal,Yalova,Turkey
Yalova,Yalova,Turkey
Akdagmadeni,Yozgat,Turkey
Aydincik,Yozgat,Turkey
Bogaziliyan,Yozgat,Turkey
Candir,Yozgat,Turkey
Cayiralan,Yozgat,Turkey
Cekerek,Yozgat,Turkey
Kadisehri,Yozgat,Turkey
Saraykent,Yozgat,Turkey
Sarikaya,Yozgat,Turkey
Sefaatli,Yozgat,Turkey
Sorgun,Yozgat,Turkey
Yenifakili,Yozgat,Turkey
Yerkoy,Yozgat,Turkey
Yozgat,Yozgat,Turkey
Alapli,Zonguldak,Turkey
Caycuma,Zonguldak,Turkey
Devrek,Zonguldak,Turkey
Eregli,Zonguldak,Turkey
Gokcebey,Zonguldak,Turkey
Zonguldak,Zonguldak,Turkey
Cherkasy,Cherkaska,Ukraine
Smila,Cherkaska,Ukraine
Uman,Cherkaska,Ukraine
Chernihiv,Chernihivska,Ukraine
Nizhyn,Chernihivska,Ukraine
Pryluky,Chernihivska,Ukraine
Chernivtsi,Chernivetska,Ukraine
Alushta,Crimea,Ukraine
Sevastopol,Crimea,Ukraine
Dneprodzerzhinsk,Dnipropetrovska,Ukraine
Dnipropetrovsk,Dnipropetrovska,Ukraine
Kryvyy Rih,Dnipropetrovska,Ukraine
Marhanets,Dnipropetrovska,Ukraine
Nikopol,Dnipropetrovska,Ukraine
Novomoskovsk,Dnipropetrovska,Ukraine
Pavlohrad,Dnipropetrovska,Ukraine
Plekhanov,Dnipropetrovska,Ukraine
Zhovti Vody,Dnipropetrovska,Ukraine
Artemivsk,Donetska,Ukraine
Donetsk,Donetska,Ukraine
Donetsk,Donetska,Ukraine
Druzhkivka,Donetska,Ukraine
Dymytrov,Donetska,Ukraine
Dzerzhynsk,Donetska,Ukraine
Horlivka,Donetska,Ukraine
Khartsyzk,Donetska,Ukraine
Kostyantynivka,Donetska,Ukraine
Kramatorsk,Donetska,Ukraine
Krasnoarmiysk,Donetska,Ukraine
Makiyivka,Donetska,Ukraine
Mariupol,Donetska,Ukraine
Shakhtarsk,Donetska,Ukraine
Slovyansk,Donetska,Ukraine
Snizhne,Donetska,Ukraine
Torez,Donetska,Ukraine
Yenakiyeve,Donetska,Ukraine
Ivano-Frankivsk,Ivano-Frankivska,Ukraine
Kalush,Ivano-Frankivska,Ukraine
Kolomyya,Ivano-Frankivska,Ukraine
Izyum,Kharkiv,Ukraine
Kharkiv,Kharkiv,Ukraine
Lozova,Kharkiv,Ukraine
Volchansk,Kharkov,Ukraine
Kherson,Khersonska,Ukraine
Nova Kakhovka,Khersonska,Ukraine
Geologov,Khmelnytska,Ukraine
Kamyanets-Podilskyy,Khmelnytska,Ukraine
Khmelnytskyy,Khmelnytska,Ukraine
Shepetivka,Khmelnytska,Ukraine
khmelnitskiy,Khmelnytska,Ukraine
Kirovohrad,Kirovohrad,Ukraine
Oleksandriya,Kirovohrad,Ukraine
Svidlovodsk,Kirovohrad,Ukraine
Dzhankoy,Krym,Ukraine
Feodosiya,Krym,Ukraine
Kerch,Krym,Ukraine
Simferopol,Krym,Ukraine
Yalta,Krym,Ukraine
Yevpatoriya,Krym,Ukraine
Kiev,Kyyiv,Ukraine
Kyyiv,Kyyiv,Ukraine
Bila Tserkva,Kyyivska,Ukraine
Boryspil,Kyyivska,Ukraine
Brovary,Kyyivska,Ukraine
Fastiv,Kyyivska,Ukraine
Chervonohrad,Lvivska,Ukraine
Drohobych,Lvivska,Ukraine
Lviv,Lvivska,Ukraine
Stryy,Lvivska,Ukraine
Yavoriv,Lvivska,Ukraine
Alchevsk,Luhanska,Ukraine
Antratsyt,Luhanska,Ukraine
Bryanka,Luhanska,Ukraine
Krasnodon,Luhanska,Ukraine
Krasnyy Luch,Luhanska,Ukraine
Luhansk,Luhanska,Ukraine
Luhansk,Luhanska,Ukraine
Lysychansk,Luhanska,Ukraine
Pervomaysk,Luhanska,Ukraine
Rovenky,Luhanska,Ukraine
Rubizhne,Luhanska,Ukraine
Stakhanov,Luhanska,Ukraine
Sverdlovsk,Luhanska,Ukraine
Syeverodonetsk,Luhanska,Ukraine
Mykolayiv,Mykolayivska,Ukraine
Pervomaysk,Mykolayivska,Ukraine
Bilhorod-Dnistrovskyy,Odeska,Ukraine
Illichivsk,Odeska,Ukraine
Izmayil,Odeska,Ukraine
Odesa,Odeska,Ukraine
Odessa,Odessa,Ukraine
Komsomolsk,Poltavska,Ukraine
Kremenchuh,Poltavska,Ukraine
Lubny,Poltavska,Ukraine
Poltava,Poltavska,Ukraine
Rivne,Rivnenska,Ukraine
Konotop,Sumska,Ukraine
Okhtyrka,Sumska,Ukraine
Romny,Sumska,Ukraine
Shostka,Sumska,Ukraine
Sumy,Sumska,Ukraine
Ternopil,Ternopilska,Ukraine
Kovel,Volynska,Ukraine
Lutsk,Volynska,Ukraine
Novovolynsk,Volynska,Ukraine
Vinnitsa,Vynnytska,Ukraine
Vinnytsya,Vynnytska,Ukraine
Mukacheve,Zakarpatska,Ukraine
Uzhhorod,Zakarpatska,Ukraine
Berdyansk,Zaporizhia,Ukraine
Enerhodar,Zaporizhia,Ukraine
Melitpol,Zaporizhia,Ukraine
Zaporizhia,Zaporizhia,Ukraine
Berdychiv,Zhytomyrska,Ukraine
Korosten,Zhytomyrska,Ukraine
Novohrad-Volynskyy,Zhytomyrska,Ukraine
Zhytomyr,Zhytomyrska,Ukraine
Cleveland,Aberdeen,United Kingdom
Gilberdyke,Aberdeen,United Kingdom
Llanrwst,Aberdeen,United Kingdom
Swadlincote,Aberdeen,United Kingdom
Turriff,Aberdeen,United Kingdom
Westhill,Aberdeenshire,United Kingdom
Oban,Argyll,United Kingdom
Craigavon,Armagh,United Kingdom
Barton-le-Clay,Bedfordshire,United Kingdom
Bedford,Bedfordshire,United Kingdom
Biggleswade,Bedfordshire,United Kingdom
Caddington,Bedfordshire,United Kingdom
Flitton,Bedfordshire,United Kingdom
Flitwick,Bedfordshire,United Kingdom
Leighton Buzzard,Bedfordshire,United Kingdom
Marston Moretaine,Bedfordshire,United Kingdom
Sandy,Bedfordshire,United Kingdom
Westoning,Bedfordshire,United Kingdom
Dundonald,Belfast,United Kingdom
Holywood,Belfast,United Kingdom
Berkshire,Berkshire,United Kingdom
Bracknell,Berkshire,United Kingdom
Littlewick Green,Berkshire,United Kingdom
Maidenhead,Berkshire,United Kingdom
Newbury,Berkshire,United Kingdom
Reading,Berkshire,United Kingdom
Sandhurst,Berkshire,United Kingdom
Slough,Berkshire,United Kingdom
Sunninghill,Berkshire,United Kingdom
Twyford,Berkshire,United Kingdom
Windsor,Berkshire,United Kingdom
Wokingham,Berkshire,United Kingdom
Woodley,Berkshire,United Kingdom
Coleshill,Birmingham,United Kingdom
Edgbaston,Birmingham,United Kingdom
Hockley,Birmingham,United Kingdom
Ladywood,Birmingham,United Kingdom
Nechells,Birmingham,United Kingdom
Rubery,Birmingham,United Kingdom
Small Heath,Birmingham,United Kingdom
Angus,Brechin,United Kingdom
Bridgnorth,Bridgnorth,United Kingdom
Avon,Bristol,United Kingdom
Fishponds,Bristol,United Kingdom
Henleaze,Bristol,United Kingdom
Thornbury,Bristol,United Kingdom
Warmley,Bristol,United Kingdom
Amersham,Buckinghamshire,United Kingdom
Aston Clinton,Buckinghamshire,United Kingdom
Beaconsfield,Buckinghamshire,United Kingdom
Bletchley,Buckinghamshire,United Kingdom
Bourne End,Buckinghamshire,United Kingdom
Buckingham,Buckinghamshire,United Kingdom
High Wycombe,Buckinghamshire,United Kingdom
Iver,Buckinghamshire,United Kingdom
Marlow,Buckinghamshire,United Kingdom
Milton Keynes,Buckinghamshire,United Kingdom
Newport Pagnell,Buckinghamshire,United Kingdom
Piddington,Buckinghamshire,United Kingdom
Princes Risborough,Buckinghamshire,United Kingdom
Rowsham,Buckinghamshire,United Kingdom
Cambridge,Cambridge,United Kingdom
Ely,Cambridge,United Kingdom
Huntingdon,Cambridge,United Kingdom
Peterborough,Cambridge,United Kingdom
Cambridge,Cambridgeshire,United Kingdom
Haddenham,Cambridgeshire,United Kingdom
Sawtry,Cambridgeshire,United Kingdom
Wisbech,Cambridgeshire,United Kingdom
Alderley Edge,Cheshire,United Kingdom
Altrincham,Cheshire,United Kingdom
Betley,Cheshire,United Kingdom
Cheadle Gatley,Cheshire,United Kingdom
Cheadle Hulme,Cheshire,United Kingdom
Crewe,Cheshire,United Kingdom
Dukinfield,Cheshire,United Kingdom
Holmes Chapel,Cheshire,United Kingdom
Hyde,Cheshire,United Kingdom
Knuntsford,Cheshire,United Kingdom
Knutsford,Cheshire,United Kingdom
Lymm,Cheshire,United Kingdom
Malpas,Cheshire,United Kingdom
Merseyside,Cheshire,United Kingdom
Middlewich,Cheshire,United Kingdom
Mobberley,Cheshire,United Kingdom
Nantwich,Cheshire,United Kingdom
Saltney,Cheshire,United Kingdom
Sandbach,Cheshire,United Kingdom
Stalybridge,Cheshire,United Kingdom
Stockport,Cheshire,United Kingdom
Tarporley,Cheshire,United Kingdom
Timperley,Cheshire,United Kingdom
Widnes,Cheshire,United Kingdom
Winsford,Cheshire,United Kingdom
Redcar,Cleveland,United Kingdom
Stockton-on-Tees,Cleveland,United Kingdom
Conwy,Conwy,United Kingdom
Llandudno,Conwy,United Kingdom
Bude,Cornwall,United Kingdom
Camborne,Cornwall,United Kingdom
Fowey,Cornwall,United Kingdom
Hayle,Cornwall,United Kingdom
Helston,Cornwall,United Kingdom
Launceston,Cornwall,United Kingdom
Liskeard,Cornwall,United Kingdom
Looe,Cornwall,United Kingdom
Mevegissey,Cornwall,United Kingdom
Newquay,Cornwall,United Kingdom
Penryn,Cornwall,United Kingdom
Penzance,Cornwall,United Kingdom
St. Ives,Cornwall,United Kingdom
Truro,Cornwall,United Kingdom
Wadebridge,Cornwall,United Kingdom
Holbrooks,Coventry,United Kingdom
Askam-in-Furness,Cumbria,United Kingdom
Flookburgh,Cumbria,United Kingdom
Grasmere,Cumbria,United Kingdom
Kendal,Cumbria,United Kingdom
Keswick,Cumbria,United Kingdom
Kirkby Stephen,Cumbria,United Kingdom
Milnthorpe,Cumbria,United Kingdom
Penrith,Cumbria,United Kingdom
Ulverston,Cumbria,United Kingdom
Windermere,Cumbria,United Kingdom
Denbigh,Denbighshire,United Kingdom
Ashbourne,Derby,United Kingdom
Buxton,Derby,United Kingdom
Chesterfield,Derby,United Kingdom
Eckington,Derby,United Kingdom
Bakewell,Derbyshire,United Kingdom
Belper,Derbyshire,United Kingdom
Breaston,Derbyshire,United Kingdom
Derby,Derbyshire,United Kingdom
Ilkeston,Derbyshire,United Kingdom
Matlock,Derbyshire,United Kingdom
Ripley,Derbyshire,United Kingdom
Axminster,Devon,United Kingdom
Barnstaple,Devon,United Kingdom
Beaworthy,Devon,United Kingdom
Bideford,Devon,United Kingdom
Bovey Tracey,Devon,United Kingdom
Braunton,Devon,United Kingdom
Brixham,Devon,United Kingdom
Chudleigh,Devon,United Kingdom
Crediton,Devon,United Kingdom
Dalwood,Devon,United Kingdom
Dartmouth,Devon,United Kingdom
Dawlish,Devon,United Kingdom
Exeter,Devon,United Kingdom
Exmouth,Devon,United Kingdom
Great Torrington,Devon,United Kingdom
Holsworthy,Devon,United Kingdom
Kingsbridge,Devon,United Kingdom
Modbury,Devon,United Kingdom
Newton Abbot,Devon,United Kingdom
Okehampton,Devon,United Kingdom
Plymouth,Devon,United Kingdom
Plympton,Devon,United Kingdom
Salcombe,Devon,United Kingdom
Tiverton,Devon,United Kingdom
Torquay,Devon,United Kingdom
Totnes,Devon,United Kingdom
Winkleigh,Devon,United Kingdom
Woodburyd,Devon,United Kingdom
Yelverton,Devon,United Kingdom
Didcot,Didcot,United Kingdom
Beaminster,Dorset,United Kingdom
Blandford Forum,Dorset,United Kingdom
Christchurch,Dorset,United Kingdom
Dorset,Dorset,United Kingdom
Poole,Dorset,United Kingdom
Sherborne,Dorset,United Kingdom
Sturminster Newton,Dorset,United Kingdom
Swanage,Dorset,United Kingdom
Verwood,Dorset,United Kingdom
Wimborne,Dorset,United Kingdom
Alexandria,Dunbartonshire,United Kingdom
Crook,Durham,United Kingdom
Spennymoor,Durham,United Kingdom
Abingdon,England,United Kingdom
Accrington,England,United Kingdom
Aldershot,England,United Kingdom
Alfreton,England,United Kingdom
Altrincham,England,United Kingdom
Amersham,England,United Kingdom
Andover,England,United Kingdom
Arnold,England,United Kingdom
Ashford,England,United Kingdom
Ashington,England,United Kingdom
Ashton-in-Makerfield,England,United Kingdom
Ashton-under-Lyne,England,United Kingdom
Atherton,England,United Kingdom
Aylesbury,England,United Kingdom
Aylesford-East Malling,England,United Kingdom
Banbury,England,United Kingdom
Banstead-Tadworth,England,United Kingdom
Barnsley,England,United Kingdom
Barnstaple,England,United Kingdom
Barrow-in-Furness,England,United Kingdom
Basildon,England,United Kingdom
Basingstoke,England,United Kingdom
Bath,England,United Kingdom
Batley,England,United Kingdom
Bebington,England,United Kingdom
Bedford,England,United Kingdom
Bedworth,England,United Kingdom
Beeston and Stapleford,England,United Kingdom
Benfleet,England,United Kingdom
Bentley,England,United Kingdom
Berwick-upon-Tweed,England,United Kingdom
Beverley,England,United Kingdom
Bexhil,England,United Kingdom
Bicester,England,United Kingdom
Bideford,England,United Kingdom
Billericay,England,United Kingdom
Billingham,England,United Kingdom
Birkenhead,England,United Kingdom
Birmingham,England,United Kingdom
Bishop Auckland,England,United Kingdom
Bishops Stortford,England,United Kingdom
Blackburn,England,United Kingdom
Blackpool,England,United Kingdom
Bletchley,England,United Kingdom
Blyth,England,United Kingdom
Bodmin,England,United Kingdom
Bognor Regis,England,United Kingdom
Bolton,England,United Kingdom
Bootle,England,United Kingdom
Boston,England,United Kingdom
Bournemouth,England,United Kingdom
Bracknell,England,United Kingdom
Bradford,England,United Kingdom
Braintree,England,United Kingdom
Bredbury and Romiley,England,United Kingdom
Brentwood,England,United Kingdom
Bridgwater,England,United Kingdom
Bridlington,England,United Kingdom
Brigg,England,United Kingdom
Brighouse,England,United Kingdom
Brighton,England,United Kingdom
Bristol,England,United Kingdom
Broadstairs,England,United Kingdom
Bromley Cross-Bradshaw,England,United Kingdom
Bromsgrove-Catshill,England,United Kingdom
Burgess Hill,England,United Kingdom
Burnley,England,United Kingdom
Burntwood,England,United Kingdom
Burton-upon-Trent,England,United Kingdom
Bury,England,United Kingdom
Bury Saint Edmunds,England,United Kingdom
Camberley-Frimley,England,United Kingdom
Cambourne-Redruth,England,United Kingdom
Cambridge,England,United Kingdom
Cannock,England,United Kingdom
Canterbury,England,United Kingdom
Canvey Island,England,United Kingdom
Carlisle,England,United Kingdom
Carlton,England,United Kingdom
Castleford,England,United Kingdom
Caterham and Warlingham,England,United Kingdom
Chadderton,England,United Kingdom
Chapeltown,England,United Kingdom
Chatham,England,United Kingdom
Cheadle and Gatley,England,United Kingdom
Chelmsford,England,United Kingdom
Cheltenham,England,United Kingdom
Chesham,England,United Kingdom
Cheshunt,England,United Kingdom
Chessington,England,United Kingdom
Chester,England,United Kingdom
Chester-le-Street,England,United Kingdom
Chesterfield,England,United Kingdom
Chichester,England,United Kingdom
Chippenham,England,United Kingdom
Chipping Sodbury,England,United Kingdom
Chorley,England,United Kingdom
Christchurch,England,United Kingdom
Clacton-on-Sea,England,United Kingdom
Clay Cross-North Wingfield,England,United Kingdom
Cleethorpes,England,United Kingdom
Clevedon,England,United Kingdom
Coalville,England,United Kingdom
Colchester,England,United Kingdom
Congleton,England,United Kingdom
Consett,England,United Kingdom
Corby,England,United Kingdom
Coventry,England,United Kingdom
Cramlington,England,United Kingdom
Crawley,England,United Kingdom
Crosby,England,United Kingdom
Crowthorne,England,United Kingdom
Darlington,England,United Kingdom
Dartford,England,United Kingdom
Darwen,England,United Kingdom
Deal,England,United Kingdom
Denton,England,United Kingdom
Derby,England,United Kingdom
Dewsbury,England,United Kingdom
Doncaster,England,United Kingdom
Dorchester,England,United Kingdom
Dover,England,United Kingdom
Droitwich,England,United Kingdom
Dronfield,England,United Kingdom
Droylsden,England,United Kingdom
Dudley,England,United Kingdom
Dunstable,England,United Kingdom
Durham,England,United Kingdom
East Grinstead,England,United Kingdom
East Retford,England,United Kingdom
Eastbourne,England,United Kingdom
Eastleigh,England,United Kingdom
Eaton Socon-Saint Neots,England,United Kingdom
Eccles,England,United Kingdom
Egham,England,United Kingdom
Ellesmere Port,England,United Kingdom
Epsom and Ewell,England,United Kingdom
Esher-Molesey,England,United Kingdom
Eston and South Bank,England,United Kingdom
Exeter,England,United Kingdom
Failsworth,England,United Kingdom
Falmouth-Penryn,England,United Kingdom
Fareham,England,United Kingdom
Farnborough,England,United Kingdom
Farnham,England,United Kingdom
Farnworth,England,United Kingdom
Farring,England,United Kingdom
Felixtowe,England,United Kingdom
Felling,England,United Kingdom
Ferndown,England,United Kingdom
Fleetwood,England,United Kingdom
Folkestone,England,United Kingdom
Formby,England,United Kingdom
Frome,England,United Kingdom
Fulham,England,United Kingdom
Gateshead,England,United Kingdom
Gillingham,England,United Kingdom
Glossop,England,United Kingdom
Gloucester,England,United Kingdom
Godalming,England,United Kingdom
Golborne,England,United Kingdom
Gosforth,England,United Kingdom
Gosport,England,United Kingdom
Grantham,England,United Kingdom
Gravesend,England,United Kingdom
Grays,England,United Kingdom
Greasby,England,United Kingdom
Great Malvern,England,United Kingdom
Great Sankey,England,United Kingdom
Great Yarmouth,England,United Kingdom
Grimsby,England,United Kingdom
Guildford,England,United Kingdom
Guiseley-Yeadon,England,United Kingdom
Halesowen,England,United Kingdom
Halifax,England,United Kingdom
Harlow,England,United Kingdom
Harpenden,England,United Kingdom
Harrogate,England,United Kingdom
Hartlepool,England,United Kingdom
Hastings,England,United Kingdom
Hatfield,England,United Kingdom
Hatfield-Stainforth,England,United Kingdom
Havant,England,United Kingdom
Haywards Heath,England,United Kingdom
Hazel Grove and Bramhill,England,United Kingdom
Hazlemere,England,United Kingdom
Heanor,England,United Kingdom
Hemel Hempstead,England,United Kingdom
Hereford,England,United Kingdom
Herne Bay,England,United Kingdom
Hertford,England,United Kingdom
Heswall,England,United Kingdom
Heywood,England,United Kingdom
High Wycombe,England,United Kingdom
Hinckley,England,United Kingdom
Hindley,England,United Kingdom
Hitchin,England,United Kingdom
Hoddesdon,England,United Kingdom
Holmfirth-Honley,England,United Kingdom
Honiton,England,United Kingdom
Horsham,England,United Kingdom
Houghton-le-Spring,England,United Kingdom
Hove,England,United Kingdom
Hoylake-West Kirby,England,United Kingdom
Hucknall,England,United Kingdom
Huddersfield,England,United Kingdom
Huyton-with-Roby,England,United Kingdom
Hyde,England,United Kingdom
Ilfracombe,England,United Kingdom
Ilkeston,England,United Kingdom
Ipswich,England,United Kingdom
Ivybridge,England,United Kingdom
Jarrow,England,United Kingdom
Keighley,England,United Kingdom
Kendal,England,United Kingdom
Kenilworth,England,United Kingdom
Kettering,England,United Kingdom
Kidderminster,England,United Kingdom
Kidsgrove,England,United Kingdom
Kings Lynn,England,United Kingdom
Kingsteignton,England,United Kingdom
Kingston upon Hull,England,United Kingdom
Kingswood,England,United Kingdom
Kirby in Ashfield,England,United Kingdom
Kirkby,England,United Kingdom
Lancaster,England,United Kingdom
Leamington,England,United Kingdom
Leatherhead,England,United Kingdom
Leeds,England,United Kingdom
Leicester,England,United Kingdom
Leigh,England,United Kingdom
Leighton Buzzard,England,United Kingdom
Letchworth,England,United Kingdom
Lewes,England,United Kingdom
Leyland,England,United Kingdom
Lichfield,England,United Kingdom
Lincoln,England,United Kingdom
Litherland,England,United Kingdom
Littlehampton,England,United Kingdom
Liverpool,England,United Kingdom
Locks Heath,England,United Kingdom
London,England,United Kingdom
Long Benton-Killingworth,England,United Kingdom
Long Eaton,England,United Kingdom
Loughborough,England,United Kingdom
Loughton,England,United Kingdom
Louth,England,United Kingdom
Lowestoft,England,United Kingdom
Luton,England,United Kingdom
Lyminge,England,United Kingdom
Lytham Saint Annes,England,United Kingdom
Mablethorpe and Sutton,England,United Kingdom
Macclesfield,England,United Kingdom
Maghull-Lydiate,England,United Kingdom
Maidenhead,England,United Kingdom
Maidstone,England,United Kingdom
Manchester,England,United Kingdom
Mangotsfield,England,United Kingdom
Mansfield,England,United Kingdom
Margate,England,United Kingdom
Matlock,England,United Kingdom
Melton Mowbray,England,United Kingdom
Middlesbrough,England,United Kingdom
Middleton,England,United Kingdom
Midsomer Norton,England,United Kingdom
Milton Keynes,England,United Kingdom
Morecambe,England,United Kingdom
Morley,England,United Kingdom
Nailsea,England,United Kingdom
Nantwich,England,United Kingdom
Nelson,England,United Kingdom
New Addington,England,United Kingdom
New Milton-Barton-on-Sea,England,United Kingdom
Newark-on-Trent,England,United Kingdom
Newburn,England,United Kingdom
Newbury,England,United Kingdom
Newcastle upon Tyne,England,United Kingdom
Newcastle-under-Lyme,England,United Kingdom
Newport,England,United Kingdom
Newton Abbot,England,United Kingdom
Newton Aycliffe,England,United Kingdom
North Hykeham,England,United Kingdom
North Shields,England,United Kingdom
Northallerton,England,United Kingdom
Northam,England,United Kingdom
Northampton,England,United Kingdom
Northfleet,England,United Kingdom
Northwich,England,United Kingdom
Norwich,England,United Kingdom
Nottingham,England,United Kingdom
Nuneaton,England,United Kingdom
Oakengates-Donnington,England,United Kingdom
Oakham,England,United Kingdom
Oldbury-Smethwick,England,United Kingdom
Oldham,England,United Kingdom
Ormskirk,England,United Kingdom
Ossett,England,United Kingdom
Oxford,England,United Kingdom
Paignton,England,United Kingdom
Penzance,England,United Kingdom
Peterborough,England,United Kingdom
Peterlee,England,United Kingdom
Plymouth,England,United Kingdom
Pontefract,England,United Kingdom
Poole,England,United Kingdom
Portsmouth,England,United Kingdom
Potters Bar,England,United Kingdom
Prescot,England,United Kingdom
Preston,England,United Kingdom
Prestwich,England,United Kingdom
Prestwood,England,United Kingdom
Pudsey,England,United Kingdom
Radcliffe,England,United Kingdom
Ramsgate,England,United Kingdom
Rawtenstall,England,United Kingdom
Rayleigh,England,United Kingdom
Reading,England,United Kingdom
Redcar,England,United Kingdom
Redditch,England,United Kingdom
Reigate,England,United Kingdom
Rochdale,England,United Kingdom
Rochester,England,United Kingdom
Rotherham,England,United Kingdom
Rottingdean,England,United Kingdom
Royal Tunbridge Wells,England,United Kingdom
Royton,England,United Kingdom
Rugby,England,United Kingdom
Rugeley,England,United Kingdom
Runcorn,England,United Kingdom
Rushden,England,United Kingdom
Ryde,England,United Kingdom
Saint Albans,England,United Kingdom
Saint Austell,England,United Kingdom
Saint Helens,England,United Kingdom
Sale,England,United Kingdom
Salford,England,United Kingdom
Salisbury,England,United Kingdom
Scarborough,England,United Kingdom
Scunthorpe,England,United Kingdom
Seaham,England,United Kingdom
Sevenoaks,England,United Kingdom
Sheffield,England,United Kingdom
Shipley,England,United Kingdom
Shrewsbury,England,United Kingdom
Sidmouth,England,United Kingdom
Sittingbourne,England,United Kingdom
Skegness,England,United Kingdom
Skelmersdale,England,United Kingdom
Sleaford,England,United Kingdom
Slough,England,United Kingdom
Solihull,England,United Kingdom
Sompting-Lancing,England,United Kingdom
South Shields,England,United Kingdom
Southampton,England,United Kingdom
Southend-on-Sea,England,United Kingdom
Southport,England,United Kingdom
Spalding-Pinchbeck,England,United Kingdom
St. Helens,England,United Kingdom
Stafford,England,United Kingdom
Staines,England,United Kingdom
Stalybridge,England,United Kingdom
Stamford,England,United Kingdom
Stanford le Hope-Corringham,England,United Kingdom
Stanley-Annfield Plain,England,United Kingdom
Staveley,England,United Kingdom
Stevenage,England,United Kingdom
Stockport,England,United Kingdom
Stockton Heath-Thelwall,England,United Kingdom
Stockton-on-Tees,England,United Kingdom
Stoke-on-Trent,England,United Kingdom
Stourbridge,England,United Kingdom
Stratford-upon-Avon,England,United Kingdom
Stretford,England,United Kingdom
Strood,England,United Kingdom
Stubbington,England,United Kingdom
Sunbury,England,United Kingdom
Sunderland,England,United Kingdom
Sutton Coldfield,England,United Kingdom
Sutton in Ashfield,England,United Kingdom
Swadlincote,England,United Kingdom
Swanley-Hextable,England,United Kingdom
Swindon,England,United Kingdom
Swinton and Pendlebury,England,United Kingdom
Tamworth,England,United Kingdom
Taunton,England,United Kingdom
Tavistock,England,United Kingdom
Teignmouth,England,United Kingdom
Telford,England,United Kingdom
Tenbury Wells,England,United Kingdom
Thatcham,England,United Kingdom
The Deepings,England,United Kingdom
Thetford,England,United Kingdom
Thornaby,England,United Kingdom
Thornton-Cleveleys,England,United Kingdom
Tiverton,England,United Kingdom
Tonbridge,England,United Kingdom
Torquay,England,United Kingdom
Totton,England,United Kingdom
Trowbridge,England,United Kingdom
Truro,England,United Kingdom
Tyldesley,England,United Kingdom
Urmston,England,United Kingdom
Wakefield,England,United Kingdom
Walkden,England,United Kingdom
Wallasey,England,United Kingdom
Wallsend,England,United Kingdom
Walsall,England,United Kingdom
Walton and Weybridge,England,United Kingdom
Warrington,England,United Kingdom
Warwick,England,United Kingdom
Washington,England,United Kingdom
Waterlooville,England,United Kingdom
Watford,England,United Kingdom
Wellingborough,England,United Kingdom
Welwyn Garden City,England,United Kingdom
West Bridgeford,England,United Kingdom
West Bromwich,England,United Kingdom
Westhoughton,England,United Kingdom
Weston-super-Mare,England,United Kingdom
Whitefield,England,United Kingdom
Whitehaven,England,United Kingdom
Whitley Bay,England,United Kingdom
Wickford,England,United Kingdom
Widnes,England,United Kingdom
Wigan,England,United Kingdom
Wigston,England,United Kingdom
Wilmslow,England,United Kingdom
Wimbourne Minster,England,United Kingdom
Winchester,England,United Kingdom
Windsor Berks,England,United Kingdom
Windsor-Eton,England,United Kingdom
Winsford,England,United Kingdom
Wisbech,England,United Kingdom
Witham,England,United Kingdom
Witney,England,United Kingdom
Woking-Byfleet,England,United Kingdom
Wokingham,England,United Kingdom
Wolverhampton,England,United Kingdom
Wolverton-Stony Stratford,England,United Kingdom
Worcester,England,United Kingdom
Worcestershire,England,United Kingdom
Workington,England,United Kingdom
Worksop,England,United Kingdom
Worthing,England,United Kingdom
Yeovil,England,United Kingdom
York,England,United Kingdom
Barking,Essex,United Kingdom
Basildon,Essex,United Kingdom
Brentwood,Essex,United Kingdom
Cambrridge,Essex,United Kingdom
Canvey Island,Essex,United Kingdom
Chelmsford,Essex,United Kingdom
Clacton-on-Sea,Essex,United Kingdom
Colchester,Essex,United Kingdom
Dagenham,Essex,United Kingdom
Dunmow,Essex,United Kingdom
Epping,Essex,United Kingdom
Essex,Essex,United Kingdom
Grays,Essex,United Kingdom
Harlow,Essex,United Kingdom
Ilford,Essex,United Kingdom
Ingatestone,Essex,United Kingdom
Leigh on Sea,Essex,United Kingdom
Rainham,Essex,United Kingdom
Romford,Essex,United Kingdom
Saffron Walden,Essex,United Kingdom
Stansted,Essex,United Kingdom
Wickford,Essex,United Kingdom
Ballinamallard,Fermanagh,United Kingdom
Kirkcaldy,Fife,United Kingdom
Ewloe,Flintshire,United Kingdom
Greenfield,Flintshire,United Kingdom
Imperial Wharf,Fulham,United Kingdom
Kirton-in-Lindsey,Gainsborough,United Kingdom
Berkeley,Glocestershire,United Kingdom
Cheltenham,Glocestershire,United Kingdom
Churchham,Glocestershire,United Kingdom
Cirencester,Glocestershire,United Kingdom
East Kilbride,Glocestershire,United Kingdom
Gloucester,Glocestershire,United Kingdom
Lechlade,Glocestershire,United Kingdom
Lydney,Glocestershire,United Kingdom
Moreton in Marsh,Glocestershire,United Kingdom
Stroud,Glocestershire,United Kingdom
Tewkesbury,Glocestershire,United Kingdom
Blackwood,Gwent,United Kingdom
Blaenavon,Gwent,United Kingdom
Newport,Gwent,United Kingdom
Tredegar,Gwent,United Kingdom
Aldershot,Hampshire,United Kingdom
Alton,Hampshire,United Kingdom
Andover,Hampshire,United Kingdom
Bordon,Hampshire,United Kingdom
Botley,Hampshire,United Kingdom
Fareham,Hampshire,United Kingdom
Farnborough,Hampshire,United Kingdom
Fleet,Hampshire,United Kingdom
Fordingbridge,Hampshire,United Kingdom
Havant,Hampshire,United Kingdom
Hayling Island,Hampshire,United Kingdom
Hook,Hampshire,United Kingdom
Isle of wight,Hampshire,United Kingdom
Liphook,Hampshire,United Kingdom
Longparish,Hampshire,United Kingdom
Old Bishopstoke,Hampshire,United Kingdom
Petersfield,Hampshire,United Kingdom
Portsmouth,Hampshire,United Kingdom
Ringwood,Hampshire,United Kingdom
Romsey,Hampshire,United Kingdom
South Harting,Hampshire,United Kingdom
Southampton,Hampshire,United Kingdom
Waterlooville,Hampshire,United Kingdom
West Wellow,Hampshire,United Kingdom
Winchester,Hampshire,United Kingdom
Lymington,Hants,United Kingdom
Pennington,Hants,United Kingdom
Southampton,Hants,United Kingdom
Kington,Herefordshire,United Kingdom
Ledbury,Herefordshire,United Kingdom
Leominster,Herefordshire,United Kingdom
Saint Albans,Herefordshire,United Kingdom
Barnet,Hertfordshire,United Kingdom
Bishops Stortford,Hertfordshire,United Kingdom
Borehamwood,Hertfordshire,United Kingdom
Brookmans Park,Hertfordshire,United Kingdom
Bushey,Hertfordshire,United Kingdom
Cheshunt,Hertfordshire,United Kingdom
Cuffley,Hertfordshire,United Kingdom
Elstree,Hertfordshire,United Kingdom
Hemel Hempstead,Hertfordshire,United Kingdom
Hertfordshire,Hertfordshire,United Kingdom
Kings Langley,Hertfordshire,United Kingdom
Much Hadham,Hertfordshire,United Kingdom
Radlett,Hertfordshire,United Kingdom
Rickmansworth,Hertfordshire,United Kingdom
Royston,Hertfordshire,United Kingdom
Stevenage,Hertfordshire,United Kingdom
Waltham Cross,Hertfordshire,United Kingdom
Watford,Hertfordshire,United Kingdom
Welwyn,Hertfordshire,United Kingdom
Newmarket,Kenford,United Kingdom
Ashford,Kent,United Kingdom
Beckenham,Kent,United Kingdom
Bromley,Kent,United Kingdom
Brookland,Kent,United Kingdom
Charing,Kent,United Kingdom
Chatam,Kent,United Kingdom
Crayford,Kent,United Kingdom
Edenbridge,Kent,United Kingdom
Erith,Kent,United Kingdom
Faversham,Kent,United Kingdom
Five Oak Green,Kent,United Kingdom
Folkestone,Kent,United Kingdom
Gillingham,Kent,United Kingdom
Gravesend,Kent,United Kingdom
Hartlip,Kent,United Kingdom
Hayes,Kent,United Kingdom
Herne Bay,Kent,United Kingdom
Hythe,Kent,United Kingdom
Lenham,Kent,United Kingdom
Maidstone,Kent,United Kingdom
Minster,Kent,United Kingdom
New Romney,Kent,United Kingdom
Orpington,Kent,United Kingdom
Paddock Wood,Kent,United Kingdom
Royal Tunbridge Wells,Kent,United Kingdom
Sandwich,Kent,United Kingdom
Sheerness,Kent,United Kingdom
Sidcup,Kent,United Kingdom
Sittingbourne,Kent,United Kingdom
Staplehurst,Kent,United Kingdom
Tunbridge Wells,Kent,United Kingdom
West Malling,Kent,United Kingdom
Westerham,Kent,United Kingdom
Whitstable,Kent,United Kingdom
canterbury,Kent,United Kingdom
Ayrshire,Kilmarnock,United Kingdom
Airdrie,Lanarkshire,United Kingdom
Glasgow,Lanarkshire,United Kingdom
Accrington,Lancashire,United Kingdom
Blackburn,Lancashire,United Kingdom
Blackpool,Lancashire,United Kingdom
Burnley,Lancashire,United Kingdom
Clayton-Le-Moors,Lancashire,United Kingdom
Cleveleys,Lancashire,United Kingdom
Darwen,Lancashire,United Kingdom
Gisburn,Lancashire,United Kingdom
Glasgow,Lancashire,United Kingdom
Greater Manchester,Lancashire,United Kingdom
Hamilton,Lancashire,United Kingdom
Kirkby Lonsdale,Lancashire,United Kingdom
Leyland,Lancashire,United Kingdom
Littleborough,Lancashire,United Kingdom
Lytham St Annes,Lancashire,United Kingdom
Nelson,Lancashire,United Kingdom
Oldham,Lancashire,United Kingdom
Out Rawcliffe,Lancashire,United Kingdom
Padiham,Lancashire,United Kingdom
Preston,Lancashire,United Kingdom
Rochdale,Lancashire,United Kingdom
Rossendale,Lancashire,United Kingdom
Tarleton,Lancashire,United Kingdom
Todmorden,Lancashire,United Kingdom
West Lancashire,Lancashire,United Kingdom
Coalville,Leicestershire,United Kingdom
Fleckney,Leicestershire,United Kingdom
Leicester,Leicestershire,United Kingdom
Loughborough,Leicestershire,United Kingdom
Lutterworth,Leicestershire,United Kingdom
Market Harborough,Leicestershire,United Kingdom
Tur Langton,Leicestershire,United Kingdom
Alford,Lincolnshire,United Kingdom
Bourne,Lincolnshire,United Kingdom
Casewick,Lincolnshire,United Kingdom
Digby,Lincolnshire,United Kingdom
Gainsborough,Lincolnshire,United Kingdom
Grimsby,Lincolnshire,United Kingdom
Immingham,Lincolnshire,United Kingdom
Laceby,Lincolnshire,United Kingdom
Lincoln,Lincolnshire,United Kingdom
Louth,Lincolnshire,United Kingdom
Market Deeping,Lincolnshire,United Kingdom
Market Rasen,Lincolnshire,United Kingdom
Spalding,Lincolnshire,United Kingdom
Spilsby,Lincolnshire,United Kingdom
Swinderby,Lincolnshire,United Kingdom
Thurlby,Lincolnshire,United Kingdom
Witham St Hughs,Lincolnshire,United Kingdom
Llanymynech,Llanymynech,United Kingdom
Abbeywood,London,United Kingdom
Aldgate,London,United Kingdom
Alperton,London,United Kingdom
Castledawson,London,United Kingdom
Edmonton,London,United Kingdom
Enfield,London,United Kingdom
Forest Gate,London,United Kingdom
Greenwich,London,United Kingdom
Hainault,London,United Kingdom
Hampstead,London,United Kingdom
Harrow Weald,London,United Kingdom
Hendon,London,United Kingdom
Kensington,London,United Kingdom
Leyton,London,United Kingdom
London,London,United Kingdom
Magherafelt,London,United Kingdom
Mill Hill,London,United Kingdom
Southwark,London,United Kingdom
Suffolk,London,United Kingdom
Sulham,London,United Kingdom
Victoria,London,United Kingdom
Walthamstow,London,United Kingdom
Wandsworth,London,United Kingdom
Wembley,London,United Kingdom
Wimbledon,London,United Kingdom
Woolwich,London,United Kingdom
Ludlow,Ludlow,United Kingdom
Manchester,Manchester,United Kingdom
Prestwich,Manchester,United Kingdom
Salford,Manchester,United Kingdom
Swinton,Manchester,United Kingdom
Worsley,Manchester,United Kingdom
Mayfair,Mayfair,United Kingdom
Southport,Merseyside,United Kingdom
Brentford,Middlesex,United Kingdom
Brimsdown,Middlesex,United Kingdom
Drayton,Middlesex,United Kingdom
Edgware,Middlesex,United Kingdom
Feltham,Middlesex,United Kingdom
Greenford,Middlesex,United Kingdom
Hampton,Middlesex,United Kingdom
Harmondsworth,Middlesex,United Kingdom
Harrow,Middlesex,United Kingdom
Hayes,Middlesex,United Kingdom
Isleworth,Middlesex,United Kingdom
Northolt,Middlesex,United Kingdom
Northwood,Middlesex,United Kingdom
Perivale,Middlesex,United Kingdom
Pinner,Middlesex,United Kingdom
Ruislip,Middlesex,United Kingdom
Ruislip Manor,Middlesex,United Kingdom
South Harrow,Middlesex,United Kingdom
Southall,Middlesex,United Kingdom
Staines,Middlesex,United Kingdom
Stamore,Middlesex,United Kingdom
Stanmore,Middlesex,United Kingdom
Stanwell,Middlesex,United Kingdom
Sunbury,Middlesex,United Kingdom
Teddington,Middlesex,United Kingdom
Twickenham,Middlesex,United Kingdom
Uxbridge,Middlesex,United Kingdom
Watford,Middlesex,United Kingdom
Wembley,Middlesex,United Kingdom
West Drayton,Middlesex,United Kingdom
Wraysbury,Middlesex,United Kingdom
hounslow,Middlesex,United Kingdom
Mildenhall,Mildenhall,United Kingdom
Abergavenny,Monmouthshire,United Kingdom
Monmouth,Monmouthshire,United Kingdom
Attleborough,Norfolk,United Kingdom
Bacton,Norfolk,United Kingdom
Briston,Norfolk,United Kingdom
Dereham,Norfolk,United Kingdom
Diss,Norfolk,United Kingdom
Downham Market,Norfolk,United Kingdom
Fakenham,Norfolk,United Kingdom
Garboldisham,Norfolk,United Kingdom
Gayton,Norfolk,United Kingdom
Glandford,Norfolk,United Kingdom
Great Yarmouth,Norfolk,United Kingdom
Heacham,Norfolk,United Kingdom
Hopton,Norfolk,United Kingdom
Kings Lynn,Norfolk,United Kingdom
Little Cressingham,Norfolk,United Kingdom
Norwich,Norfolk,United Kingdom
Sheringham,Norfolk,United Kingdom
Thetford,Norfolk,United Kingdom
Trunch,Norfolk,United Kingdom
Winordhan,Norfolk,United Kingdom
Wymondham,Norfolk,United Kingdom
Daventry,Northamptonshire,United Kingdom
Irthlingborough,Northamptonshire,United Kingdom
Middleton Cheney,Northamptonshire,United Kingdom
Oundle,Northamptonshire,United Kingdom
Towcester,Northamptonshire,United Kingdom
Welford,Northamptonshire,United Kingdom
Wellingborough,Northamptonshire,United Kingdom
Woodford Halse,Northamptonshire,United Kingdom
Brackley,Northants,United Kingdom
Desborough,Northants,United Kingdom
weedon,Northants,United Kingdom
Bedlington,Northumberland,United Kingdom
Corbridge,Northumberland,United Kingdom
Cramlington,Northumberland,United Kingdom
Morpeth,Northumberland,United Kingdom
Northumberland,Northumberland,United Kingdom
Ponteland,Northumberland,United Kingdom
Wooler,Northumberland,United Kingdom
Burton Joyce,Nottinghamshire,United Kingdom
Cotgraves,Nottinghamshire,United Kingdom
Gonalston,Nottinghamshire,United Kingdom
Mansfield,Nottinghamshire,United Kingdom
Newark,Nottinghamshire,United Kingdom
Nottingham,Nottinghamshire,United Kingdom
Pennyfoot Street,Nottinghamshire,United Kingdom
Sandiacre,Nottinghamshire,United Kingdom
Southwell,Nottinghamshire,United Kingdom
Whatton,Nottinghamshire,United Kingdom
Bampton,Oxford,United Kingdom
Banbury,Oxford,United Kingdom
Bicester,Oxford,United Kingdom
Blewbury,Oxford,United Kingdom
Cheltenham,Oxford,United Kingdom
Chipping Norton,Oxford,United Kingdom
Drayton,Oxford,United Kingdom
Eynsham,Oxford,United Kingdom
Farringdon,Oxford,United Kingdom
Henely on Thames,Oxford,United Kingdom
Henley-on-Thames,Oxford,United Kingdom
Oxford,Oxford,United Kingdom
Shenington,Oxford,United Kingdom
Thame,Oxford,United Kingdom
Wantage,Oxford,United Kingdom
Builth Wells,Powys,United Kingdom
Knighton,Powys,United Kingdom
Llanbrynmair,Powys,United Kingdom
New town,Powys,United Kingdom
Newtown,Powys,United Kingdom
Rhaeadr,Powys,United Kingdom
Welshpool,Powys,United Kingdom
Hill of Fearn,Roos-shire,United Kingdom
Shoreham,SUSSEX,United Kingdom
Sark,Sark,United Kingdom
Aberdeen,Scotland,United Kingdom
Alloa,Scotland,United Kingdom
Alness,Scotland,United Kingdom
Annan,Scotland,United Kingdom
Arbroath,Scotland,United Kingdom
Ardrossan,Scotland,United Kingdom
Armadale,Scotland,United Kingdom
Ayr,Scotland,United Kingdom
Bathgate,Scotland,United Kingdom
Blairgowrie,Scotland,United Kingdom
Blantyre-Hamilton,Scotland,United Kingdom
Boness,Scotland,United Kingdom
Bonnybridge,Scotland,United Kingdom
Broxburn,Scotland,United Kingdom
Broxham,Scotland,United Kingdom
Buckhaven,Scotland,United Kingdom
Burntisland,Scotland,United Kingdom
Carluke,Scotland,United Kingdom
Carnoustie,Scotland,United Kingdom
Coatbridge,Scotland,United Kingdom
Cowdenbeath,Scotland,United Kingdom
Cumbernauld,Scotland,United Kingdom
Cumnock,Scotland,United Kingdom
Cupar,Scotland,United Kingdom
Dalbeattie,Scotland,United Kingdom
Dalkeith,Scotland,United Kingdom
Dingwall,Scotland,United Kingdom
Dumbarton,Scotland,United Kingdom
Dumfries,Scotland,United Kingdom
Dundee,Scotland,United Kingdom
Dunfermline,Scotland,United Kingdom
Dunoon,Scotland,United Kingdom
East Kilbride,Scotland,United Kingdom
Edimburah,Scotland,United Kingdom
Edinburgh,Scotland,United Kingdom
Elgin,Scotland,United Kingdom
Ellon,Scotland,United Kingdom
Erskine,Scotland,United Kingdom
Falkirk,Scotland,United Kingdom
Forfar,Scotland,United Kingdom
Forres,Scotland,United Kingdom
Fort William,Scotland,United Kingdom
Fraserburgh,Scotland,United Kingdom
Galashiels,Scotland,United Kingdom
Galston-Newmilns,Scotland,United Kingdom
Girvan,Scotland,United Kingdom
Glasgow,Scotland,United Kingdom
Glenrothes,Scotland,United Kingdom
Greengairs,Scotland,United Kingdom
Greenock,Scotland,United Kingdom
Haddington,Scotland,United Kingdom
Hawick,Scotland,United Kingdom
Helensburgh,Scotland,United Kingdom
Insch,Scotland,United Kingdom
Inverkeithing-Dalgety Bay,Scotland,United Kingdom
Inverness,Scotland,United Kingdom
Inverurie,Scotland,United Kingdom
Irvine,Scotland,United Kingdom
Isle of Lewis,Scotland,United Kingdom
Kilmarnock,Scotland,United Kingdom
Kilsyth,Scotland,United Kingdom
Kilwinning,Scotland,United Kingdom
Kirkcaldy,Scotland,United Kingdom
Kirkintilloch-Lenzie,Scotland,United Kingdom
Kirkwall,Scotland,United Kingdom
Lanark,Scotland,United Kingdom
Largs,Scotland,United Kingdom
Larkhall,Scotland,United Kingdom
Lerwick,Scotland,United Kingdom
Linlithgow,Scotland,United Kingdom
Livingston,Scotland,United Kingdom
Loanhead,Scotland,United Kingdom
Montrose,Scotland,United Kingdom
Motherwell,Scotland,United Kingdom
Nairn,Scotland,United Kingdom
Newtown Saint Boswells,Scotland,United Kingdom
Paisley,Scotland,United Kingdom
Penicuik,Scotland,United Kingdom
Perth,Scotland,United Kingdom
Peterhead,Scotland,United Kingdom
Saint Andrews,Scotland,United Kingdom
Selkirkshire,Scotland,United Kingdom
Shotts,Scotland,United Kingdom
Stirling,Scotland,United Kingdom
Stonehaven,Scotland,United Kingdom
Stornoway,Scotland,United Kingdom
Stranraer,Scotland,United Kingdom
Tranent,Scotland,United Kingdom
Troon,Scotland,United Kingdom
Whitburn,Scotland,United Kingdom
Bishops Castle,Shropshire,United Kingdom
Bridgnorth,Shropshire,United Kingdom
Bucknell,Shropshire,United Kingdom
Drayton,Shropshire,United Kingdom
Greete,Shropshire,United Kingdom
Hinstock,Shropshire,United Kingdom
Jackfield,Shropshire,United Kingdom
Ludlow,Shropshire,United Kingdom
Much Wenlock,Shropshire,United Kingdom
Oswestry,Shropshire,United Kingdom
Ryton,Shropshire,United Kingdom
Shifnal,Shropshire,United Kingdom
Shrewsbury,Shropshire,United Kingdom
Telford,Shropshire,United Kingdom
Whitchurch,Shropshire,United Kingdom
Bath,Somerset,United Kingdom
Brent Knoll,Somerset,United Kingdom
Castle Cary,Somerset,United Kingdom
Shepton Mallet,Somerset,United Kingdom
Somerset,Somerset,United Kingdom
Taunton,Somerset,United Kingdom
Wedmore,Somerset,United Kingdom
Wellington,Somerset,United Kingdom
Weston-super-Mare,Somerset,United Kingdom
Burton-on-Trent,Staffordshire,United Kingdom
Hednesford,Staffordshire,United Kingdom
Stoke on Trent,Staffordshire,United Kingdom
Stone,Staffordshire,United Kingdom
Strabane,Strabane,United Kingdom
Bury St Edmunds,Suffolk,United Kingdom
Felixstowe,Suffolk,United Kingdom
Haverhill,Suffolk,United Kingdom
Leiston,Suffolk,United Kingdom
Lowestoft,Suffolk,United Kingdom
Stowmarket,Suffolk,United Kingdom
Sudbury,Suffolk,United Kingdom
Woodbridge,Suffolk,United Kingdom
Ashtead,Surrey,United Kingdom
Bagshot,Surrey,United Kingdom
Betchworth,Surrey,United Kingdom
Bletchingley,Surrey,United Kingdom
Carshalton,Surrey,United Kingdom
Chertsey,Surrey,United Kingdom
Claygate,Surrey,United Kingdom
Croydon,Surrey,United Kingdom
Dorking,Surrey,United Kingdom
Effingham,Surrey,United Kingdom
Epsom,Surrey,United Kingdom
Farnham,Surrey,United Kingdom
Haslemere,Surrey,United Kingdom
Kingston Upon Thames,Surrey,United Kingdom
Leatherhead,Surrey,United Kingdom
Mitcham,Surrey,United Kingdom
New Malden,Surrey,United Kingdom
Redhill,Surrey,United Kingdom
Richmond,Surrey,United Kingdom
Salfords,Surrey,United Kingdom
Shepperton,Surrey,United Kingdom
Stoneleigh,Surrey,United Kingdom
Surbiton,Surrey,United Kingdom
Surrey,Surrey,United Kingdom
Tadworth,Surrey,United Kingdom
Walton on Thames,Surrey,United Kingdom
West Molesey,Surrey,United Kingdom
Wisley,Surrey,United Kingdom
Woking,Surrey,United Kingdom
Brighton,Sussex,United Kingdom
Henfield,Sussex,United Kingdom
Sussex,Sussex,United Kingdom
Worthing,Sussex,United Kingdom
Twickenham,Twickenham,United Kingdom
Omagh,Tyrone,United Kingdom
Santaquin,Utah,United Kingdom
Aberdare,Wales,United Kingdom
Aberystwyth,Wales,United Kingdom
Barry,Wales,United Kingdom
Brecon,Wales,United Kingdom
Bridgend,Wales,United Kingdom
Brynmawr,Wales,United Kingdom
Caernarfon,Wales,United Kingdom
Caerphily,Wales,United Kingdom
Caldicot,Wales,United Kingdom
Cardiff,Wales,United Kingdom
Carmarthen,Wales,United Kingdom
Colwyn Bay,Wales,United Kingdom
Connahs Quay,Wales,United Kingdom
Cwmbran,Wales,United Kingdom
Dolgellau,Wales,United Kingdom
Ebbw Vale,Wales,United Kingdom
Gaerwen,Wales,United Kingdom
Gwynedd,Wales,United Kingdom
Haverfordwest,Wales,United Kingdom
Isle of Anglesey,Wales,United Kingdom
Islwyn,Wales,United Kingdom
Llandrindod Wells,Wales,United Kingdom
Llanelli,Wales,United Kingdom
Llangefni,Wales,United Kingdom
Maesteg,Wales,United Kingdom
Merthyr Tydfil,Wales,United Kingdom
Mold,Wales,United Kingdom
Mountain Ash-Abercynon,Wales,United Kingdom
Neath,Wales,United Kingdom
Newport,Wales,United Kingdom
Pembrokeshire,Wales,United Kingdom
Penarth,Wales,United Kingdom
Pencader,Wales,United Kingdom
Pontypool,Wales,United Kingdom
Pontypridd,Wales,United Kingdom
Port Talbot,Wales,United Kingdom
Queensferry,Wales,United Kingdom
Rhondda,Wales,United Kingdom
Rhyl,Wales,United Kingdom
Ruthin,Wales,United Kingdom
Shotton-Hawarden,Wales,United Kingdom
St. Asaph,Wales,United Kingdom
Swansea,Wales,United Kingdom
West Glamorgan,Wales,United Kingdom
Wrexham,Wales,United Kingdom
Alcester,Warwickshire,United Kingdom
Coventry,Warwickshire,United Kingdom
Henley in Arden,Warwickshire,United Kingdom
Nuneaton,Warwickshire,United Kingdom
Pershore,Warwickshire,United Kingdom
Southam,Warwickshire,United Kingdom
Warwick,Warwickshire,United Kingdom
Whissendine,Whissendine,United Kingdom
Amesbury,Wiltshire,United Kingdom
Bradford on Avon,Wiltshire,United Kingdom
Calne,Wiltshire,United Kingdom
Chippenham,Wiltshire,United Kingdom
Corsham,Wiltshire,United Kingdom
Cosham,Wiltshire,United Kingdom
Devizes,Wiltshire,United Kingdom
Downton,Wiltshire,United Kingdom
Malmesbury,Wiltshire,United Kingdom
Marlborough,Wiltshire,United Kingdom
Melksham,Wiltshire,United Kingdom
Pewsey,Wiltshire,United Kingdom
Salisbury,Wiltshire,United Kingdom
Southwick,Wiltshire,United Kingdom
Swindon,Wiltshire,United Kingdom
Warminster,Wiltshire,United Kingdom
Westbury,Wiltshire,United Kingdom
Winnersh,Wokingham,United Kingdom
Evesham,Worcestershire,United Kingdom
Hartlebury,Worcestershire,United Kingdom
Kidderminster,Worcestershire,United Kingdom
Pershore,Worcestershire,United Kingdom
Redditch,Worcestershire,United Kingdom
Worcester,Worcestershire,United Kingdom
Caergwrle,Wrexham,United Kingdom
Ruabon,Wrexham,United Kingdom
Neuffen,Wurttemberg,United Kingdom
Beverley,Yorkshire,United Kingdom
Malton,Yorkshire,United Kingdom
Mexborough,Yorkshire,United Kingdom
